gene_name,prot_id,number_of_exons,GC,GC3
amrA,WP_127015264.1,1,38.0,24.78
NA,WP_127015265.1,1,34.0,25.38
NA,WP_127015266.1,1,33.0,26.84
amrS,WP_127015267.1,1,38.0,28.57
NA,WP_127015268.1,1,38.0,21.91
tdh,WP_127015269.1,1,40.0,27.81
NA,WP_127015270.1,1,42.0,36.1
NA,WP_164730812.1,1,39.0,35.26
NA,WP_127015272.1,1,34.0,29.08
NA,WP_127015273.1,1,38.0,31.29
NA,WP_127015274.1,1,36.0,37.55
NA,WP_127015275.1,1,44.0,31.71
cdaA,WP_205665664.1,1,37.0,29.23
NA,WP_127015277.1,1,36.0,29.91
NA,WP_127015278.1,1,43.0,35.11
glmM,WP_127015279.1,1,41.0,32.95
glmS,WP_127015280.1,1,42.0,33.56
NA,WP_127015281.1,1,31.0,23.89
NA,WP_127015282.1,1,30.0,28.04
NA,WP_236777851.1,1,30.0,26.78
brxC,WP_127015284.1,1,32.0,28.47
pglX,WP_127015285.1,1,31.0,25.02
cmr1,WP_164730813.1,1,35.0,28.05
NA,WP_205665665.1,1,35.0,33.58
NA,WP_205665666.1,1,36.0,32.6
cmr4,WP_127015287.1,1,41.0,36.33
NA,WP_205665667.1,1,31.0,26.83
NA,WP_127015288.1,1,37.0,32.92
pglZ,WP_127015289.1,1,31.0,27.55
brxL,WP_127015290.1,1,36.0,28.08
NA,WP_127015291.1,1,28.999999999999996,26.39
NA,WP_127015292.1,1,42.0,31.15
NA,WP_127015293.1,1,33.0,25.58
NA,WP_127015294.1,1,34.0,22.63
NA,WP_127015295.1,1,28.999999999999996,22.64
NA,WP_127015296.1,1,34.0,21.34
NA,WP_127015297.1,1,32.0,19.88
NA,WP_127015298.1,1,31.0,25.0
NA,WP_127015299.1,1,34.0,24.34
larA,WP_127015300.1,1,36.0,22.63
NA,WP_127015301.1,1,38.0,26.03
NA,WP_205665668.1,1,38.0,27.04
NA,WP_127015302.1,1,41.0,30.14
NA,WP_127015303.1,1,35.0,23.29
NA,WP_127015304.1,1,38.0,35.75
NA,WP_127015305.1,1,35.0,29.11
NA,WP_127015306.1,1,33.0,32.5
NA,WP_127015307.1,1,47.0,36.14
acpS,WP_127018124.1,1,36.0,28.79
NA,WP_127015308.1,1,44.0,35.05
alr,WP_127015309.1,1,41.0,30.71
NA,WP_127015310.1,1,42.0,33.47
NA,WP_127015311.1,1,36.0,26.32
NA,WP_164730814.1,1,34.0,37.5
NA,WP_127015312.1,1,38.0,30.49
NA,WP_269467425.1,1,37.0,23.93
NA,WP_127015314.1,1,40.0,30.86
NA,WP_127015315.1,1,42.0,29.77
NA,WP_127015316.1,1,37.0,31.57
NA,WP_127015317.1,1,42.0,28.91
NA,WP_127015318.1,1,39.0,34.65
NA,WP_164730815.1,1,37.0,28.38
tsaE,WP_127015320.1,1,44.0,34.69
tsaB,WP_236777902.1,1,43.0,37.89
rimI,WP_236777852.1,1,38.0,31.25
tsaD,WP_127015322.1,1,41.0,29.27
NA,WP_164730816.1,1,39.0,32.35
groES,WP_127015324.1,1,38.0,22.09
groL,WP_127015325.1,1,42.0,26.79
NA,WP_127015326.1,1,42.0,30.09
NA,WP_164730817.1,1,37.0,29.37
NA,WP_164730818.1,1,33.0,29.1
NA,WP_127015329.1,1,28.999999999999996,22.54
NA,WP_127015330.1,1,41.0,31.93
guaA,WP_127015331.1,1,43.0,32.48
NA,WP_127015332.1,1,42.0,33.41
moaC,WP_127015333.1,1,42.0,36.42
NA,WP_127015334.1,1,28.999999999999996,18.05
NA,WP_127015335.1,1,40.0,29.5
mog,WP_127015336.1,1,43.0,34.42
orr,WP_205665670.1,1,39.0,28.03
argF,WP_127015337.1,1,40.0,28.05
NA,WP_127015338.1,1,38.0,25.29
cysK,WP_127015339.1,1,44.0,28.72
NA,WP_127015340.1,1,42.0,36.64
NA,WP_205665671.1,1,44.0,38.32
NA,WP_127015341.1,1,40.0,32.17
NA,WP_127015342.1,1,35.0,28.57
NA,WP_127015343.1,1,35.0,28.17
rfbB,WP_236777853.1,1,36.0,29.31
rfbD,WP_127015344.1,1,34.0,25.83
NA,WP_127015345.1,1,31.0,24.48
NA,WP_164730819.1,1,38.0,29.83
NA,WP_164730820.1,1,34.0,27.16
NA,WP_164730821.1,1,34.0,27.87
NA,WP_127015349.1,1,33.0,23.45
NA,WP_127015350.1,1,32.0,23.13
NA,WP_127015351.1,1,31.0,20.2
glgP,WP_127015352.1,1,44.0,39.85
NA,WP_164730822.1,1,38.0,29.46
NA,WP_127015354.1,1,38.0,29.13
NA,WP_205665672.1,1,30.0,27.11
NA,WP_127015355.1,1,32.0,24.55
NA,WP_164730823.1,1,34.0,31.03
NA,WP_127015358.1,1,31.0,23.51
NA,WP_127015359.1,1,30.0,24.33
NA,WP_127015361.1,1,30.0,26.56
NA,WP_127015362.1,1,33.0,26.55
NA,WP_236777903.1,1,28.000000000000004,23.3
NA,WP_127015363.1,1,35.0,25.14
NA,WP_127015364.1,1,33.0,24.26
NA,WP_164730824.1,1,31.0,25.48
NA,WP_164730825.1,1,30.0,22.54
NA,WP_127015367.1,1,39.0,25.43
NA,WP_127015368.1,1,35.0,25.68
NA,WP_127015369.1,1,38.0,30.17
NA,WP_127018130.1,1,38.0,32.24
NA,WP_127018131.1,1,39.0,32.03
NA,WP_127015370.1,1,36.0,29.21
NA,WP_127015371.1,1,37.0,38.55
NA,WP_127015372.1,1,33.0,30.67
NA,WP_127015373.1,1,24.0,23.53
NA,WP_205665675.1,1,31.0,25.32
NA,WP_127015374.1,1,32.0,24.3
NA,WP_164730826.1,1,35.0,20.81
NA,WP_127015376.1,1,37.0,30.94
NA,WP_127015377.1,1,38.0,29.83
NA,WP_236777854.1,1,40.0,28.05
NA,WP_127015378.1,1,39.0,36.62
NA,WP_205665676.1,1,43.0,37.59
NA,WP_127015379.1,1,41.0,32.31
NA,WP_127015380.1,1,37.0,33.17
NA,WP_127015381.1,1,37.0,21.54
NA,WP_127015382.1,1,38.0,34.11
NA,WP_127015383.1,1,37.0,28.87
NA,WP_164730827.1,1,34.0,22.69
NA,WP_127015385.1,1,36.0,36.36
NA,WP_127015386.1,1,32.0,25.48
NA,WP_127015387.1,1,32.0,33.13
NA,WP_164730828.1,1,39.0,38.61
pcrA,WP_127015389.1,1,40.0,35.79
ligA,WP_127015390.1,1,43.0,35.75
NA,WP_127015391.1,1,39.0,27.1
NA,WP_127015392.1,1,42.0,32.54
NA,WP_127015393.1,1,38.0,29.79
gatC,WP_127015394.1,1,36.0,24.14
gatA,WP_127015395.1,1,40.0,27.62
NA,WP_127015396.1,1,43.0,36.77
gatB,WP_127015397.1,1,41.0,34.74
NA,WP_127015398.1,1,36.0,34.03
NA,WP_127015399.1,1,33.0,27.78
NA,WP_127015400.1,1,33.0,23.5
NA,WP_269467426.1,1,31.0,27.88
NA,WP_205665677.1,1,32.0,23.47
NA,WP_127015401.1,1,30.0,20.59
NA,WP_127015402.1,1,28.999999999999996,19.79
NA,WP_205665678.1,1,37.0,25.46
NA,WP_127015403.1,1,34.0,20.04
NA,WP_127015404.1,1,25.0,8.0
aroF,WP_127015405.1,1,38.0,20.07
NA,WP_127015406.1,1,33.0,25.83
NA,WP_164730829.1,1,31.0,17.4
NA,WP_127015408.1,1,40.0,31.67
NA,WP_127015409.1,1,35.0,28.96
NA,WP_164730830.1,1,33.0,37.21
rlmD,WP_127015410.1,1,40.0,32.96
NA,WP_127015411.1,1,42.0,37.43
ppsA,WP_205665679.1,1,46.0,43.54
NA,WP_164730831.1,1,40.0,36.2
NA,WP_164730832.1,1,33.0,25.58
NA,WP_205665680.1,1,36.0,29.93
pxpB,WP_127015415.1,1,40.0,26.69
NA,WP_269467427.1,1,45.0,33.6
NA,WP_127015416.1,1,44.0,35.18
NA,WP_127015417.1,1,30.0,16.16
NA,WP_127015418.1,1,28.000000000000004,14.29
NA,WP_127015419.1,1,26.0,15.12
NA,WP_127015420.1,1,31.0,21.01
NA,WP_127015421.1,1,31.0,22.95
pepF,WP_236777856.1,1,37.0,29.65
NA,WP_127015422.1,1,39.0,27.96
NA,WP_127015423.1,1,34.0,32.1
NA,WP_127015424.1,1,31.0,26.45
NA,WP_127015425.1,1,39.0,29.7
NA,WP_127015426.1,1,33.0,23.86
NA,WP_127015427.1,1,31.0,23.11
NA,WP_127015428.1,1,35.0,39.68
NA,WP_127015429.1,1,37.0,33.11
NA,WP_127015430.1,1,36.0,34.69
NA,WP_127015431.1,1,38.0,30.73
NA,WP_127015432.1,1,45.0,40.0
NA,WP_164730833.1,1,40.0,32.9
NA,WP_127015434.1,1,34.0,25.26
NA,WP_205665682.1,1,40.0,45.65
NA,WP_127015435.1,1,41.0,35.51
modA,WP_127015436.1,1,39.0,31.23
modB,WP_127015437.1,1,37.0,30.33
NA,WP_127015438.1,1,32.0,28.3
asnS,WP_127015439.1,1,42.0,36.12
NA,WP_127015440.1,1,34.0,29.41
NA,WP_127015441.1,1,37.0,30.93
NA,WP_127015442.1,1,34.0,37.74
NA,WP_127015443.1,1,34.0,20.89
pepV,WP_127015444.1,1,40.0,28.45
trmB,WP_127015445.1,1,35.0,27.88
NA,WP_127015446.1,1,36.0,35.0
NA,WP_127015447.1,1,35.0,29.36
NA,WP_127015448.1,1,31.0,23.89
NA,WP_127015449.1,1,28.000000000000004,21.99
NA,WP_127015450.1,1,33.0,29.27
NA,WP_127015451.1,1,40.0,31.89
thrC,WP_127015452.1,1,41.0,31.82
murB,WP_127015453.1,1,41.0,31.44
NA,WP_127015454.1,1,36.0,27.31
NA,WP_127015455.1,1,40.0,27.87
NA,WP_127015457.1,1,40.0,24.77
NA,WP_164730834.1,1,35.0,32.24
add,WP_205665683.1,1,40.0,29.91
NA,WP_164730835.1,1,30.0,15.08
NA,WP_127015461.1,1,41.0,29.66
glnA,WP_127015462.1,1,40.0,32.55
NA,WP_127015463.1,1,38.0,26.6
NA,WP_127015464.1,1,38.0,36.67
NA,WP_127015465.1,1,37.0,34.83
NA,WP_127015466.1,1,36.0,32.52
NA,WP_127015467.1,1,37.0,30.77
NA,WP_127015468.1,1,33.0,29.08
NA,WP_127015469.1,1,37.0,22.22
NA,WP_127015470.1,1,44.0,33.33
NA,WP_236777857.1,1,39.0,31.42
NA,WP_236777905.1,1,38.0,35.69
NA,WP_127015472.1,1,40.0,35.25
NA,WP_127015473.1,1,40.0,34.56
NA,WP_127015474.1,1,40.0,33.33
NA,WP_127015475.1,1,36.0,35.58
NA,WP_164730836.1,1,40.0,34.12
NA,WP_127015477.1,1,37.0,34.85
NA,WP_164730837.1,1,41.0,38.89
NA,WP_127015479.1,1,41.0,31.17
NA,WP_236777858.1,1,39.0,29.53
NA,WP_127015481.1,1,38.0,30.32
NA,WP_127015482.1,1,38.0,26.61
NA,WP_127015483.1,1,39.0,29.58
NA,WP_127015484.1,1,27.0,24.14
NA,WP_127015485.1,1,28.999999999999996,16.07
NA,WP_127015486.1,1,28.999999999999996,28.0
NA,WP_127015487.1,1,30.0,16.85
NA,WP_127015488.1,1,30.0,14.88
NA,WP_164730838.1,1,23.0,21.15
NA,WP_127015490.1,1,33.0,25.32
NA,WP_257792014.1,1,25.0,18.5
NA,WP_127015492.1,1,33.0,19.56
dndE,WP_127015493.1,1,33.0,24.37
dndD,WP_127015494.1,1,25.0,19.73
dndC,WP_127015495.1,1,34.0,23.71
NA,WP_127015496.1,1,32.0,35.59
NA,WP_127015497.1,1,28.999999999999996,30.12
NA,WP_127015498.1,1,31.0,32.92
NA,WP_164730839.1,1,27.0,8.11
NA,WP_127015499.1,1,27.0,20.19
NA,WP_127015500.1,1,32.0,28.68
NA,WP_164730840.1,1,39.0,37.02
crcB,WP_127015502.1,1,35.0,26.96
NA,WP_127015503.1,1,38.0,21.37
NA,WP_127015504.1,1,43.0,42.53
NA,WP_127015505.1,1,38.0,32.18
NA,WP_127015506.1,1,37.0,31.22
NA,WP_236777859.1,1,38.0,35.29
NA,WP_127015508.1,1,41.0,37.54
NA,WP_127015509.1,1,30.0,23.12
NA,WP_081499421.1,1,33.0,25.32
NA,WP_127015510.1,1,31.0,18.1
NA,WP_127015511.1,1,35.0,22.97
xylB,WP_127015512.1,1,37.0,24.35
xylF,WP_127015513.1,1,34.0,18.21
NA,WP_127015514.1,1,30.0,18.27
gguB,WP_127015515.1,1,32.0,20.43
NA,WP_127015516.1,1,43.0,38.0
NA,WP_127015517.1,1,41.0,30.88
secA,WP_127015518.1,1,41.0,34.7
NA,WP_127015519.1,1,34.0,25.86
NA,WP_127015520.1,1,35.0,26.29
NA,WP_127015521.1,1,31.0,22.37
cysS,WP_127015522.1,1,41.0,35.53
prfB,WP_127015523.1,2,41.0,35.39
NA,WP_127015524.1,1,37.0,33.33
NA,WP_127015525.1,1,35.0,29.41
csaB,WP_127015526.1,1,41.0,33.61
NA,WP_127015527.1,1,43.0,40.68
NA,WP_127015528.1,1,38.0,25.72
NA,WP_241392399.1,1,42.0,30.45
NA,WP_127015529.1,1,43.0,30.13
NA,WP_127015530.1,1,33.0,25.45
NA,WP_127015531.1,1,37.0,25.26
NA,WP_127015532.1,1,39.0,35.66
NA,WP_127015533.1,1,37.0,31.61
NA,WP_127015534.1,1,42.0,28.14
NA,WP_019431323.1,1,33.0,29.27
NA,WP_164730843.1,1,40.0,35.89
NA,WP_127015536.1,1,36.0,31.28
yfcE,WP_127015537.1,1,40.0,30.46
NA,WP_127015538.1,1,28.000000000000004,31.48
uvrB,WP_127015539.1,1,42.0,35.92
uvrA,WP_127015540.1,1,43.0,34.53
NA,WP_127015541.1,1,39.0,27.19
NA,WP_127015542.1,1,38.0,30.17
NA,WP_164730844.1,1,39.0,29.12
NA,WP_127015544.1,1,35.0,31.54
NA,WP_127015545.1,1,36.0,29.67
NA,WP_164730845.1,1,39.0,32.58
uvrC,WP_127015547.1,1,40.0,34.39
NA,WP_127015548.1,1,34.0,35.14
NA,WP_127015549.1,1,37.0,34.51
NA,WP_127015550.1,1,38.0,25.74
cbiR,WP_127015551.1,1,36.0,30.0
NA,WP_127018143.1,1,38.0,29.34
NA,WP_127015552.1,1,36.0,27.59
NA,WP_127015553.1,1,36.0,26.36
NA,WP_127015554.1,1,27.0,23.53
NA,WP_127015555.1,1,35.0,27.98
NA,WP_127015556.1,1,30.0,18.35
NA,WP_127015557.1,1,46.0,27.08
NA,WP_127015558.1,1,39.0,25.3
NA,WP_127015559.1,1,41.0,33.75
NA,WP_127015560.1,1,36.0,25.0
NA,WP_127015561.1,1,38.0,21.21
NA,WP_127015562.1,1,33.0,19.8
NA,WP_164730846.1,1,38.0,24.81
NA,WP_127015564.1,1,38.0,27.3
NA,WP_127015565.1,1,40.0,30.3
bshB1,WP_205665684.1,1,40.0,30.43
bshA,WP_127015566.1,1,39.0,29.64
NA,WP_127015567.1,1,34.0,21.61
NA,WP_164730847.1,1,31.0,27.31
NA,WP_127015569.1,1,43.0,26.45
hprK,WP_205665685.1,1,41.0,36.6
NA,WP_127015571.1,1,40.0,27.7
NA,WP_164730848.1,1,36.0,27.06
NA,WP_127015573.1,1,39.0,31.73
NA,WP_164730849.1,1,40.0,32.66
NA,WP_127015575.1,1,34.0,28.91
NA,WP_257792002.1,1,36.0,35.29
NA,WP_127015576.1,1,38.0,35.9
NA,WP_127015578.1,1,34.0,30.85
NA,WP_127015579.1,1,37.0,29.92
NA,WP_127015580.1,1,39.0,34.36
NA,WP_127015581.1,1,40.0,32.6
NA,WP_127015582.1,1,40.0,30.58
NA,WP_127015583.1,1,39.0,33.95
NA,WP_127015584.1,1,42.0,38.16
NA,WP_127015585.1,1,37.0,33.7
NA,WP_127015586.1,1,40.0,30.67
nagA,WP_127015587.1,1,43.0,31.66
NA,WP_127015588.1,1,31.0,28.1
NA,WP_127015589.1,1,31.0,25.81
NA,WP_127015590.1,1,36.0,22.47
NA,WP_164730850.1,1,36.0,27.51
NA,WP_164730851.1,1,36.0,27.91
NA,WP_127015593.1,1,23.0,15.6
NA,WP_164730852.1,1,30.0,18.7
NA,WP_127015595.1,1,35.0,25.35
NA,WP_127015596.1,1,36.0,23.18
NA,WP_164730853.1,1,36.0,26.84
NA,WP_205665686.1,1,38.0,27.57
NA,WP_127015599.1,1,35.0,31.34
NA,WP_127015600.1,1,39.0,29.97
NA,WP_164730854.1,1,28.999999999999996,15.71
NA,WP_127015602.1,1,45.0,35.82
NA,WP_127015603.1,1,37.0,25.63
rapZ,WP_127015604.1,1,36.0,28.47
NA,WP_127015605.1,1,38.0,25.68
whiA,WP_127015606.1,1,37.0,31.61
rpoN,WP_127015607.1,1,35.0,26.95
NA,WP_127015608.1,1,38.0,23.12
NA,WP_164730855.1,1,37.0,33.33
NA,WP_127015610.1,1,38.0,25.49
NA,WP_127015611.1,1,40.0,30.18
gap,WP_127015612.1,1,41.0,30.18
NA,WP_269467428.1,1,40.0,25.39
tpiA,WP_127015613.1,1,41.0,28.87
gpmI,WP_127015614.1,1,40.0,26.95
eno,WP_127015615.1,1,41.0,28.27
secG,WP_127015616.1,1,42.0,29.23
NA,WP_236777860.1,1,42.0,25.89
NA,WP_127015618.1,1,39.0,31.09
NA,WP_236777861.1,1,40.0,33.71
NA,WP_127015619.1,1,42.0,33.54
NA,WP_127015620.1,1,44.0,42.53
rnr,WP_127015621.1,1,39.0,31.61
smpB,WP_127015622.1,1,38.0,27.97
NA,WP_127015623.1,1,37.0,32.28
NA,WP_127015624.1,1,38.0,29.4
iadA,WP_127015625.1,1,41.0,29.27
NA,WP_127015626.1,1,38.0,29.23
spoIIAA,WP_127015627.1,1,37.0,27.36
spoIIAB,WP_205665687.1,1,39.0,29.55
NA,WP_127015629.1,1,39.0,31.85
NA,WP_164730856.1,1,36.0,37.21
NA,WP_127015630.1,1,40.0,27.18
NA,WP_236777862.1,1,43.0,34.62
eutM,WP_127015631.1,1,44.0,25.84
NA,WP_127015632.1,1,40.0,30.25
NA,WP_127015633.1,1,42.0,30.68
NA,WP_127015634.1,1,43.0,32.63
NA,WP_127015635.1,1,44.0,35.03
NA,WP_205665688.1,1,45.0,34.86
NA,WP_127015636.1,1,45.0,22.5
rpiB,WP_236777863.1,1,42.0,31.69
NA,WP_127015637.1,1,43.0,30.95
NA,WP_127015638.1,1,41.0,28.41
deoC,WP_236777906.1,1,43.0,25.48
NA,WP_127015639.1,1,28.999999999999996,25.51
NA,WP_127015640.1,1,32.0,16.98
NA,WP_205665689.1,1,40.0,44.62
NA,WP_127015641.1,1,35.0,31.87
NA,WP_127015642.1,1,39.0,36.97
NA,WP_081499421.1,1,33.0,25.32
NA,WP_127015643.1,1,40.0,28.12
spoVAC,WP_205665690.1,1,36.0,25.71
spoVAD,WP_127015644.1,1,40.0,26.77
spoVAE,WP_127015645.1,1,39.0,26.85
NA,WP_127015646.1,1,41.0,29.89
NA,WP_127015647.1,1,38.0,30.43
NA,WP_127015648.1,1,38.0,34.41
NA,WP_127015649.1,1,38.0,30.29
NA,WP_127015650.1,1,42.0,31.49
NA,WP_127015651.1,1,41.0,29.87
NA,WP_127015652.1,1,36.0,21.93
NA,WP_127015653.1,1,40.0,30.02
NA,WP_127015654.1,1,40.0,31.1
NA,WP_127015655.1,1,40.0,30.04
NA,WP_127015656.1,1,37.0,29.69
NA,WP_205665691.1,1,39.0,30.85
NA,WP_127015657.1,1,35.0,24.71
trpS,WP_127015658.1,1,38.0,28.92
NA,WP_127015659.1,1,38.0,33.61
scpB,WP_127018153.1,1,38.0,27.84
NA,WP_127015660.1,1,36.0,32.65
ytfJ,WP_127015661.1,1,42.0,32.03
NA,WP_236777864.1,1,41.0,32.45
NA,WP_127015662.1,1,36.0,29.44
NA,WP_127015663.1,1,33.0,27.68
NA,WP_127015664.1,1,38.0,29.14
NA,WP_127015665.1,1,38.0,31.9
NA,WP_127015666.1,1,41.0,15.58
smc,WP_164730857.1,1,37.0,31.74
NA,WP_127015668.1,1,42.0,30.33
ftsY,WP_127015669.1,1,41.0,31.58
NA,WP_164730858.1,1,28.999999999999996,24.49
NA,WP_127015672.1,1,33.0,23.78
NA,WP_127015673.1,1,33.0,25.2
NA,WP_127015674.1,1,32.0,23.8
NA,WP_205665693.1,1,31.0,18.99
NA,WP_127015675.1,1,38.0,27.94
NA,WP_127015676.1,1,38.0,34.62
NA,WP_127015677.1,1,33.0,25.06
NA,WP_205665694.1,1,36.0,29.41
ffh,WP_127015679.1,1,42.0,38.39
rpsP,WP_127015680.1,1,39.0,27.5
NA,WP_127015681.1,1,39.0,22.73
rimM,WP_236777907.1,1,34.0,24.36
trmD,WP_127015683.1,1,41.0,34.82
rplS,WP_127015684.1,1,39.0,29.25
lepB,WP_127015685.1,1,35.0,25.31
ylqF,WP_127015686.1,1,41.0,32.49
NA,WP_127015687.1,1,42.0,33.99
NA,WP_164730860.1,1,36.0,29.46
NA,WP_127015689.1,1,39.0,46.67
NA,WP_127015690.1,1,46.0,37.1
NA,WP_127015691.1,1,40.0,35.71
NA,WP_019431323.1,1,33.0,29.27
dprA,WP_127015692.1,1,39.0,28.01
NA,WP_164730861.1,1,28.999999999999996,26.32
topA,WP_127015694.1,1,37.0,25.58
trmFO,WP_127015695.1,1,39.0,25.81
hslV,WP_127015696.1,1,40.0,28.14
hslU,WP_127015697.1,1,37.0,23.89
codY,WP_127015698.1,1,37.0,26.48
NA,WP_127015699.1,1,38.0,34.23
NA,WP_236777909.1,1,36.0,27.29
NA,WP_127015701.1,1,36.0,25.83
NA,WP_127015702.1,1,38.0,22.55
NA,WP_127015703.1,1,36.0,28.48
rpsB,WP_249039595.1,1,44.0,37.82
tsf,WP_127015705.1,1,40.0,31.55
pyrH,WP_127015706.1,1,38.0,22.03
frr,WP_127015707.1,1,38.0,30.11
NA,WP_127015708.1,1,37.0,33.85
NA,WP_127015709.1,1,37.0,26.78
NA,WP_127015710.1,1,34.0,26.15
ytvI,WP_164730862.1,1,36.0,29.57
NA,WP_127015712.1,1,42.0,32.8
rseP,WP_127015713.1,1,37.0,26.39
NA,WP_127015714.1,1,42.0,33.33
ispG,WP_205665695.1,1,43.0,32.96
NA,WP_127015716.1,1,40.0,30.43
NA,WP_127015717.1,1,39.0,33.17
NA,WP_205665696.1,1,39.0,25.36
NA,WP_164730863.1,1,30.0,23.38
NA,WP_127015720.1,1,39.0,31.81
NA,WP_164730864.1,1,36.0,30.34
NA,WP_127015722.1,1,34.0,32.78
NA,WP_205665697.1,1,24.0,16.54
NA,WP_257792003.1,1,30.0,20.39
NA,WP_205665699.1,1,32.0,26.33
NA,WP_127015723.1,1,31.0,23.95
rimP,WP_127015724.1,1,40.0,29.86
nusA,WP_127015725.1,1,40.0,25.95
NA,WP_127015726.1,1,38.0,21.25
NA,WP_127015727.1,1,41.0,28.57
infB,WP_127015728.1,1,38.0,23.63
rbfA,WP_127015729.1,1,38.0,27.73
NA,WP_164730865.1,1,39.0,27.1
truB,WP_127015731.1,1,37.0,24.14
NA,WP_127015732.1,1,37.0,24.92
NA,WP_127015733.1,1,35.0,32.31
NA,WP_127015734.1,1,42.0,26.56
rpsO,WP_127015735.1,1,35.0,25.32
NA,WP_127015736.1,1,41.0,29.04
NA,WP_127015737.1,1,38.0,29.78
NA,WP_127015738.1,1,37.0,28.86
NA,WP_236777865.1,1,36.0,25.91
NA,WP_127015739.1,1,38.0,29.07
NA,WP_127015740.1,1,37.0,30.67
NA,WP_127015741.1,1,37.0,31.62
NA,WP_127015742.1,1,37.0,31.22
NA,WP_127015743.1,1,38.0,31.25
dut,WP_127015744.1,1,44.0,37.59
NA,WP_127015745.1,1,41.0,32.4
NA,WP_127015746.1,1,39.0,33.75
NA,WP_127015747.1,1,48.0,32.56
NA,WP_127015749.1,1,35.0,30.97
dpsA,WP_127015750.1,1,40.0,28.07
NA,WP_127015751.1,1,40.0,27.13
NA,WP_236777866.1,1,39.0,26.83
dapG,WP_127015753.1,1,41.0,28.39
dapA,WP_127015754.1,1,40.0,31.8
NA,WP_127018157.1,1,41.0,30.29
NA,WP_164730866.1,1,17.0,20.0
cas10,WP_164730867.1,1,28.999999999999996,21.47
csm2,WP_127015756.1,1,26.0,18.52
csm3,WP_164730868.1,1,30.0,19.23
csm4,WP_127015758.1,1,28.000000000000004,19.14
csm5,WP_127015759.1,1,26.0,20.45
NA,WP_127015760.1,1,25.0,15.04
NA,WP_127015761.1,1,30.0,22.79
NA,WP_127018158.1,1,40.0,30.43
NA,WP_269467429.1,1,41.0,29.33
NA,WP_127015762.1,1,33.0,30.3
NA,WP_164730869.1,1,37.0,30.43
uppP,WP_127015764.1,1,35.0,25.5
NA,WP_236777867.1,1,37.0,28.81
NA,WP_257792004.1,1,38.0,27.86
NA,WP_127015766.1,1,38.0,27.54
NA,WP_236777868.1,1,40.0,26.47
NA,WP_269467431.1,1,40.0,27.09
NA,WP_236777869.1,1,41.0,31.36
NA,WP_127015768.1,1,41.0,26.51
NA,WP_127015769.1,1,31.0,18.95
NA,WP_127015770.1,1,34.0,24.43
NA,WP_127015771.1,1,32.0,27.06
NA,WP_127015772.1,1,28.000000000000004,22.41
NA,WP_127015773.1,1,40.0,24.81
NA,WP_205665700.1,1,43.0,27.73
NA,WP_127015774.1,1,31.0,30.35
NA,WP_127015775.1,1,35.0,25.71
NA,WP_257792005.1,1,32.0,25.0
NA,WP_081499421.1,1,33.0,25.32
NA,WP_250645198.1,1,34.0,27.43
NA,WP_250645200.1,1,33.0,34.48
NA,WP_127015776.1,1,32.0,33.62
surE,WP_127015777.1,1,37.0,25.41
NA,WP_127015778.1,1,35.0,31.67
NA,WP_236777870.1,1,36.0,31.52
NA,WP_127015779.1,1,41.0,28.71
NA,WP_164730870.1,1,41.0,25.68
NA,WP_127015781.1,1,26.0,15.11
NA,WP_164730871.1,1,41.0,36.64
NA,WP_127015782.1,1,36.0,31.94
NA,WP_127015783.1,1,33.0,27.87
NA,WP_127015784.1,1,31.0,23.93
NA,WP_236777871.1,1,40.0,28.06
NA,WP_127015785.1,1,39.0,25.42
NA,WP_127015786.1,1,33.0,27.27
NA,WP_127015787.1,1,39.0,38.06
NA,WP_127015788.1,1,38.0,38.56
NA,WP_127015789.1,1,39.0,26.72
NA,WP_127015790.1,1,40.0,22.81
NA,WP_127015791.1,1,33.0,28.22
NA,WP_127015792.1,1,31.0,25.84
NA,WP_127015793.1,1,36.0,31.44
NA,WP_127015794.1,1,34.0,28.61
NA,WP_164730873.1,1,32.0,28.0
NA,WP_127015796.1,1,39.0,26.32
NA,WP_127018167.1,1,38.0,25.41
NA,WP_127015797.1,1,39.0,29.03
NA,WP_127015798.1,1,34.0,28.41
NA,WP_127015799.1,1,43.0,36.84
NA,WP_127015800.1,1,42.0,26.5
NA,WP_127015801.1,1,41.0,34.19
NA,WP_127015802.1,1,43.0,30.12
NA,WP_127015803.1,1,41.0,29.84
pruA,WP_127015804.1,1,40.0,28.28
NA,WP_127015805.1,1,35.0,27.72
NA,WP_127015806.1,1,38.0,25.6
NA,WP_127015807.1,1,43.0,27.12
NA,WP_127015808.1,1,37.0,29.49
NA,WP_127015809.1,1,33.0,22.46
NA,WP_127015810.1,1,31.0,20.11
NA,WP_127015811.1,1,25.0,25.71
NA,WP_127015812.1,1,30.0,15.72
NA,WP_127015813.1,1,32.0,14.84
NA,WP_127015814.1,1,31.0,31.87
NA,WP_127015815.1,1,26.0,17.79
NA,WP_127015816.1,1,28.999999999999996,24.05
tnpA,WP_257792015.1,1,40.0,35.62
NA,WP_127015818.1,1,38.0,37.22
NA,WP_127015819.1,1,30.0,26.89
NA,WP_127015820.1,1,34.0,24.03
NA,WP_127015821.1,1,38.0,27.03
NA,WP_127015822.1,1,35.0,22.16
NA,WP_127015823.1,1,28.999999999999996,19.69
NA,WP_257792006.1,1,36.0,17.14
NA,WP_127015824.1,1,34.0,24.42
NA,WP_127015825.1,1,39.0,29.73
NA,WP_205665701.1,1,41.0,40.38
NA,WP_127015826.1,1,35.0,27.36
NA,WP_127015827.1,1,36.0,27.91
NA,WP_127015828.1,1,33.0,26.53
NA,WP_164730874.1,1,36.0,33.33
NA,WP_127015830.1,1,41.0,29.33
NA,WP_164730875.1,1,34.0,18.92
NA,WP_164730876.1,1,41.0,46.15
NA,WP_127015831.1,1,40.0,37.75
NA,WP_164730877.1,1,44.0,43.69
NA,WP_127015833.1,1,39.0,34.21
NA,WP_127015834.1,1,55.00000000000001,61.86
NA,WP_127015835.1,1,52.0,51.72
NA,WP_127015836.1,1,36.0,30.88
NA,WP_164730878.1,1,31.0,27.5
ssb,WP_127015837.1,1,43.0,28.46
NA,WP_164730879.1,1,41.0,44.9
NA,WP_127015838.1,1,39.0,33.53
NA,WP_127015840.1,1,37.0,32.39
NA,WP_127015841.1,1,35.0,27.63
NA,WP_127015842.1,1,32.0,32.97
NA,WP_164730880.1,1,34.0,25.0
NA,WP_127015843.1,1,37.0,28.21
NA,WP_127015844.1,1,34.0,29.89
NA,WP_205665702.1,1,42.0,41.25
NA,WP_127015845.1,1,34.0,31.22
NA,WP_127015846.1,1,32.0,27.61
NA,WP_164730881.1,1,37.0,30.69
terL,WP_127015848.1,1,40.0,37.69
NA,WP_127015849.1,1,34.0,31.03
NA,WP_127015850.1,1,39.0,34.42
NA,WP_127015851.1,1,44.0,38.49
NA,WP_127015852.1,1,38.0,22.16
NA,WP_127015853.1,1,41.0,35.86
NA,WP_127015854.1,1,39.0,28.47
NA,WP_127015855.1,1,33.0,31.05
NA,WP_127015856.1,1,38.0,34.51
NA,WP_127015857.1,1,37.0,28.87
NA,WP_127015858.1,1,36.0,28.47
NA,WP_127015859.1,1,33.0,32.03
NA,WP_127015860.1,1,36.0,31.71
NA,WP_127015861.1,1,37.0,25.0
NA,WP_127015862.1,1,35.0,33.85
NA,WP_164730882.1,1,36.0,36.36
NA,WP_127015864.1,1,39.0,32.0
NA,WP_127015865.1,1,38.0,35.38
NA,WP_127015866.1,1,38.0,26.22
NA,WP_127015867.1,1,38.0,26.33
NA,WP_127015868.1,1,34.0,21.68
NA,WP_164730883.1,1,34.0,19.64
NA,WP_127015870.1,1,36.0,29.2
NA,WP_127015871.1,1,41.0,32.18
NA,WP_127015872.1,1,38.0,36.57
NA,WP_257792007.1,1,33.0,31.43
NA,WP_127015873.1,1,39.0,33.33
NA,WP_127015874.1,1,28.000000000000004,21.34
NA,WP_164730884.1,1,32.0,21.62
NA,WP_127015875.1,1,39.0,33.33
NA,WP_236777872.1,1,38.0,35.78
NA,WP_236777911.1,1,35.0,40.0
NA,WP_127015876.1,1,25.0,16.67
NA,WP_127015878.1,1,27.0,14.12
NA,WP_127015879.1,1,30.0,15.79
NA,WP_127015880.1,1,24.0,20.51
NA,WP_127015881.1,1,28.999999999999996,22.45
rimO,WP_127015882.1,1,38.0,27.48
pgsA,WP_127015883.1,1,36.0,28.98
NA,WP_127015884.1,1,39.0,30.71
NA,WP_127015885.1,1,35.0,33.33
NA,WP_127015887.1,1,36.0,32.39
NA,WP_127015888.1,1,38.0,28.54
NA,WP_205665704.1,1,38.0,31.83
megL,WP_127015889.1,1,40.0,29.92
NA,WP_127015890.1,1,40.0,29.85
NA,WP_127015891.1,1,41.0,32.85
gspE,WP_127015892.1,1,40.0,31.29
NA,WP_127015893.1,1,38.0,30.87
gspG,WP_127015894.1,1,39.0,28.67
NA,WP_164730886.1,1,35.0,30.56
NA,WP_127015896.1,1,42.0,39.47
NA,WP_127015897.1,1,33.0,31.84
NA,WP_127015898.1,1,35.0,31.02
NA,WP_127015899.1,1,37.0,30.79
NA,WP_127015900.1,1,38.0,35.0
NA,WP_164730887.1,1,36.0,25.3
NA,WP_127015902.1,1,37.0,30.89
NA,WP_127015903.1,1,36.0,29.19
thpR,WP_127015904.1,1,40.0,33.33
recA,WP_127015905.1,1,41.0,30.68
NA,WP_127015906.1,1,35.0,27.45
rny,WP_205665705.1,1,43.0,30.82
NA,WP_127015907.1,1,31.0,32.12
NA,WP_127015908.1,1,40.0,32.02
NA,WP_127015909.1,1,42.0,20.78
hydA,WP_164730889.1,1,39.0,30.11
NA,WP_127015911.1,1,42.0,29.42
NA,WP_127015912.1,1,44.0,36.07
NA,WP_127015913.1,1,44.0,35.14
NA,WP_127015914.1,1,43.0,36.66
NA,WP_127015915.1,1,44.0,38.93
NA,WP_127015916.1,1,40.0,36.78
NA,WP_127015917.1,1,37.0,26.43
NA,WP_127015918.1,1,35.0,24.92
NA,WP_127015919.1,1,40.0,34.83
NA,WP_127015920.1,1,45.0,34.89
NA,WP_164730890.1,1,35.0,28.14
NA,WP_127015922.1,1,24.0,15.32
NA,WP_127015923.1,1,34.0,33.33
cas6,WP_164730891.1,1,36.0,30.79
NA,WP_127015925.1,1,32.0,27.91
NA,WP_205665706.1,1,38.0,39.19
NA,WP_127015926.1,1,43.0,35.37
NA,WP_127015927.1,1,45.0,40.47
NA,WP_127015928.1,1,40.0,34.44
NA,WP_127015929.1,1,39.0,28.51
NA,WP_127015930.1,1,36.0,26.95
NA,WP_127015931.1,1,34.0,22.88
NA,WP_205665707.1,1,35.0,27.95
NA,WP_127015933.1,1,35.0,24.44
NA,WP_127015936.1,1,35.0,20.85
NA,WP_127015937.1,1,41.0,31.66
NA,WP_127015938.1,1,32.0,27.78
NA,WP_257792008.1,1,28.999999999999996,21.21
NA,WP_127015939.1,1,40.0,30.11
NA,WP_127015940.1,1,35.0,25.93
NA,WP_127015677.1,1,33.0,25.06
nikR,WP_127015941.1,1,35.0,32.03
NA,WP_127015942.1,1,40.0,31.07
NA,WP_164730892.1,1,39.0,29.89
NA,WP_127015944.1,1,37.0,36.7
NA,WP_127015945.1,1,38.0,31.94
NA,WP_236777874.1,1,42.0,33.33
NA,WP_127015947.1,1,37.0,25.88
NA,WP_127015948.1,1,38.0,26.2
NA,WP_257792016.1,1,37.0,25.42
NA,WP_164730893.1,1,33.0,23.26
NA,WP_127015950.1,1,38.0,29.15
NA,WP_127015951.1,1,33.0,26.77
NA,WP_164730894.1,1,38.0,23.2
NA,WP_127015954.1,1,38.0,27.0
NA,WP_127015955.1,1,34.0,28.27
ndk,WP_127015956.1,1,36.0,23.91
NA,WP_127015957.1,1,38.0,30.21
NA,WP_127015958.1,1,41.0,31.58
NA,WP_127015959.1,1,33.0,23.15
gyrA,WP_127015960.1,1,37.0,30.8
gyrB,WP_127015961.1,1,39.0,30.1
NA,WP_164730895.1,1,39.0,30.63
NA,WP_205665708.1,1,36.0,23.36
NA,WP_127018180.1,1,39.0,38.1
NA,WP_127015964.1,1,39.0,31.25
NA,WP_127015965.1,1,47.0,28.85
NA,WP_127015966.1,1,33.0,24.67
NA,WP_127015967.1,1,41.0,30.88
NA,WP_127015968.1,1,37.0,25.07
NA,WP_164730896.1,1,31.0,33.33
NA,WP_236777875.1,1,36.0,25.3
NA,WP_127015969.1,1,32.0,28.18
NA,WP_205665709.1,1,41.0,27.69
NA,WP_127015971.1,1,33.0,28.95
NA,WP_127015972.1,1,28.999999999999996,21.82
NA,WP_127015973.1,1,41.0,29.76
pssA,WP_127015974.1,1,37.0,26.67
NA,WP_127015975.1,1,33.0,24.14
miaB,WP_127015976.1,1,38.0,32.65
NA,WP_127015977.1,1,35.0,29.86
NA,WP_127015978.1,1,40.0,24.53
NA,WP_127015979.1,1,33.0,26.1
mutS,WP_127015980.1,1,40.0,32.55
mutL,WP_127015981.1,1,39.0,30.76
miaA,WP_236777913.1,1,40.0,33.55
NA,WP_127015982.1,1,36.0,28.94
NA,WP_127015983.1,1,37.0,27.83
NA,WP_127015984.1,1,41.0,35.53
NA,WP_127015985.1,1,40.0,30.59
NA,WP_127015986.1,1,33.0,26.48
helD,WP_127015987.1,1,35.0,31.6
NA,WP_127015988.1,1,37.0,28.69
NA,WP_127015989.1,1,33.0,31.36
NA,WP_127015990.1,1,39.0,38.29
NA,WP_205665710.1,1,44.0,40.28
NA,WP_164730897.1,1,38.0,30.95
NA,WP_127015993.1,1,30.0,22.23
NA,WP_127015994.1,1,31.0,21.13
NA,WP_127015996.1,1,42.0,26.88
NA,WP_127015997.1,1,42.0,31.03
NA,WP_127015998.1,1,40.0,26.3
NA,WP_127015999.1,1,40.0,27.97
NA,WP_164730898.1,1,40.0,29.71
NA,WP_236777876.1,1,43.0,34.12
NA,WP_127016002.1,1,36.0,32.69
NA,WP_127016003.1,1,42.0,27.2
NA,WP_127016004.1,1,42.0,32.7
NA,WP_127016005.1,1,38.0,34.99
NA,WP_127016006.1,1,36.0,31.17
fdrA,WP_127016007.1,1,39.0,25.05
NA,WP_127016008.1,1,37.0,32.0
NA,WP_127016009.1,1,43.0,30.05
NA,WP_127016010.1,1,43.0,33.16
NA,WP_127016011.1,1,41.0,32.65
NA,WP_127016012.1,1,41.0,28.72
NA,WP_127016013.1,1,37.0,24.0
NA,WP_164730899.1,1,21.0,12.82
NA,WP_127016014.1,1,34.0,24.2
NA,WP_205665711.1,1,34.0,27.09
NA,WP_127016016.1,1,31.0,21.9
NA,WP_205665712.1,1,26.0,18.07
NA,WP_127018184.1,1,36.0,25.0
metF,WP_127016017.1,1,38.0,31.8
NA,WP_127016018.1,1,38.0,26.18
NA,WP_127016019.1,1,34.0,27.04
NA,WP_127016020.1,1,36.0,30.34
NA,WP_127016021.1,1,36.0,29.27
NA,WP_127016022.1,1,42.0,25.71
mtnA,WP_127016023.1,1,43.0,32.36
NA,WP_127016024.1,1,42.0,33.58
NA,WP_127016025.1,1,40.0,31.06
NA,WP_164730900.1,1,34.0,28.94
NA,WP_127016027.1,1,33.0,29.19
NA,WP_164730901.1,1,36.0,30.84
NA,WP_127016029.1,1,39.0,28.83
NA,WP_127016030.1,1,38.0,29.9
NA,WP_164730902.1,1,31.0,23.61
NA,WP_081499421.1,1,33.0,25.32
NA,WP_127016032.1,1,30.0,20.32
NA,WP_127016033.1,1,27.0,23.08
NA,WP_127016034.1,1,28.000000000000004,17.77
NA,WP_127016035.1,1,42.0,32.86
NA,WP_164730903.1,1,35.0,27.27
NA,WP_127016037.1,1,36.0,30.93
NA,WP_127016038.1,1,34.0,27.67
NA,WP_127016039.1,1,35.0,27.25
mnmH,WP_127016040.1,1,37.0,26.88
NA,WP_127016041.1,1,35.0,31.23
NA,WP_127016042.1,1,33.0,25.75
NA,WP_127016043.1,1,39.0,28.11
NA,WP_127016045.1,1,34.0,24.07
sdaAB,WP_127016046.1,1,38.0,27.7
sdaAA,WP_127016047.1,1,47.0,31.47
NA,WP_236777877.1,1,39.0,27.39
NA,WP_205665713.1,1,40.0,33.69
NA,WP_127016048.1,1,37.0,32.68
ychF,WP_127016049.1,1,37.0,27.43
NA,WP_127016050.1,1,33.0,21.51
NA,WP_127016051.1,1,36.0,24.86
NA,WP_127016052.1,1,36.0,19.62
NA,WP_127016053.1,1,40.0,28.83
nuoF,WP_127016054.1,1,41.0,26.89
NA,WP_127018187.1,1,41.0,29.33
NA,WP_127016055.1,1,35.0,27.43
NA,WP_127016056.1,1,37.0,27.66
NA,WP_127016057.1,1,32.0,24.66
ylbJ,WP_127016059.1,1,38.0,26.49
NA,WP_164730905.1,1,34.0,27.71
NA,WP_127016061.1,1,37.0,26.79
NA,WP_236777914.1,1,36.0,24.07
NA,WP_164730906.1,1,39.0,30.0
NA,WP_127016064.1,1,38.0,29.78
NA,WP_127016065.1,1,31.0,23.93
NA,WP_127016066.1,1,28.999999999999996,19.29
NA,WP_127016067.1,1,37.0,21.2
NA,WP_127016068.1,1,36.0,25.76
NA,WP_127016069.1,1,35.0,25.94
NA,WP_127016070.1,1,38.0,28.33
pta,WP_127016071.1,1,42.0,26.71
NA,WP_127016072.1,1,39.0,25.13
NA,WP_127016073.1,1,34.0,23.23
rpmF,WP_127016074.1,1,42.0,29.17
fapR,WP_236777878.1,1,35.0,23.5
NA,WP_127016076.1,1,40.0,23.44
fabK,WP_127016077.1,1,42.0,25.81
fabD,WP_127016078.1,1,39.0,24.52
fabG,WP_127016079.1,1,39.0,28.15
NA,WP_127016080.1,1,36.0,22.54
fabF,WP_127016081.1,1,40.0,25.25
rnc,WP_127016082.1,1,37.0,27.71
NA,WP_127016083.1,1,32.0,26.53
cmk,WP_127016084.1,1,41.0,29.49
NA,WP_127016085.1,1,35.0,19.8
NA,WP_127016086.1,1,38.0,22.91
NA,WP_127016087.1,1,39.0,24.36
NA,WP_127016088.1,1,39.0,31.32
NA,WP_127016089.1,1,40.0,26.83
NA,WP_127016090.1,1,35.0,32.14
NA,WP_127016091.1,1,36.0,28.37
NA,WP_127016092.1,1,36.0,27.4
NA,WP_127016093.1,1,35.0,26.44
der,WP_127016094.1,1,39.0,30.37
plsY,WP_127016095.1,1,38.0,30.2
NA,WP_127016096.1,1,39.0,26.57
spoIVA,WP_127016097.1,1,41.0,32.23
NA,WP_127015490.1,1,33.0,25.32
NA,WP_127016098.1,1,40.0,23.6
NA,WP_127016099.1,1,34.0,26.51
NA,WP_127016100.1,1,33.0,34.15
NA,WP_164730907.1,1,35.0,20.0
NA,WP_127016102.1,1,28.999999999999996,26.47
NA,WP_127016103.1,1,36.0,27.23
NA,WP_205665714.1,1,38.0,26.77
NA,WP_127016105.1,1,41.0,30.34
NA,WP_127016106.1,1,33.0,26.77
NA,WP_127016107.1,1,26.0,17.82
NA,WP_127016108.1,1,35.0,27.95
NA,WP_127016109.1,1,26.0,20.2
NA,WP_127016110.1,1,39.0,27.59
NA,WP_127016112.1,1,36.0,26.67
NA,WP_236777915.1,1,32.0,26.03
NA,WP_127016114.1,1,38.0,31.78
NA,WP_127016115.1,1,34.0,26.52
NA,WP_127016116.1,1,35.0,18.37
NA,WP_164730908.1,1,31.0,20.33
NA,WP_127016118.1,1,33.0,22.15
NA,WP_127016119.1,1,30.0,18.97
NA,WP_127016120.1,1,37.0,25.62
NA,WP_127016121.1,1,32.0,20.55
NA,WP_127016122.1,1,36.0,29.15
NA,WP_127016123.1,1,32.0,28.16
NA,WP_127016124.1,1,38.0,27.91
hemB,WP_127016125.1,1,41.0,31.96
NA,WP_205665715.1,1,36.0,26.33
NA,WP_127016126.1,1,36.0,29.69
NA,WP_127016127.1,1,33.0,27.66
NA,WP_127016128.1,1,39.0,29.31
hfq,WP_127016129.1,1,32.0,24.68
dapF,WP_236777879.1,1,39.0,28.52
NA,WP_127016130.1,1,38.0,23.62
NA,WP_205665716.1,1,39.0,31.55
NA,WP_127016131.1,1,30.0,30.5
NA,WP_127016132.1,1,39.0,28.97
NA,WP_236777880.1,1,36.0,27.23
NA,WP_127016134.1,1,34.0,27.27
lexA,WP_257792010.1,1,38.0,26.73
NA,WP_127016136.1,1,33.0,22.34
NA,WP_127016137.1,1,31.0,24.7
NA,WP_236777881.1,1,32.0,32.65
NA,WP_127016138.1,1,30.0,22.52
NA,WP_127016139.1,1,40.0,26.11
NA,WP_164730909.1,1,34.0,26.64
NA,WP_127016141.1,1,36.0,22.16
NA,WP_127016142.1,1,40.0,25.92
NA,WP_127016143.1,1,44.0,35.69
NA,WP_127016144.1,1,41.0,28.7
NA,WP_127016145.1,1,35.0,36.54
NA,WP_127016146.1,1,38.0,23.93
mce,WP_205665717.1,1,37.0,23.58
meaB,WP_205665718.1,1,41.0,29.26
NA,WP_127016148.1,1,40.0,26.23
NA,WP_127016149.1,1,39.0,27.32
NA,WP_127016150.1,1,39.0,28.49
NA,WP_127016151.1,1,39.0,25.19
NA,WP_236777882.1,1,42.0,33.15
NA,WP_127016153.1,1,39.0,25.0
NA,WP_205665719.1,1,40.0,34.38
NA,WP_205665720.1,1,34.0,28.89
NA,WP_127016154.1,1,34.0,27.88
NA,WP_127016155.1,1,28.999999999999996,21.5
NA,WP_127016156.1,1,26.0,22.22
NA,WP_127016157.1,1,33.0,26.22
nifJ,WP_127016158.1,1,41.0,32.24
NA,WP_127016159.1,1,35.0,29.38
NA,WP_081499421.1,1,33.0,25.32
NA,WP_127016161.1,1,38.0,27.73
NA,WP_127016162.1,1,37.0,23.28
NA,WP_164730910.1,1,28.999999999999996,18.42
NA,WP_127016163.1,1,36.0,23.33
NA,WP_127016164.1,1,32.0,25.0
NA,WP_127016165.1,1,37.0,27.55
NA,WP_127016166.1,1,39.0,25.0
NA,WP_127016167.1,1,42.0,30.99
trmL,WP_127016168.1,1,37.0,26.9
NA,WP_127016169.1,1,34.0,28.27
NA,WP_127016170.1,1,34.0,29.36
NA,WP_127016171.1,1,38.0,26.25
NA,WP_127016172.1,1,40.0,32.94
NA,WP_127016173.1,1,41.0,30.67
NA,WP_127016174.1,1,40.0,28.07
NA,WP_127016175.1,1,37.0,29.6
NA,WP_127016176.1,1,32.0,25.08
NA,WP_127016177.1,1,38.0,24.49
NA,WP_127016178.1,1,40.0,27.38
NA,WP_127016179.1,1,41.0,30.38
NA,WP_127016180.1,1,35.0,26.34
pgmB,WP_127016181.1,1,36.0,22.38
galT,WP_127016182.1,1,36.0,26.18
NA,WP_127016183.1,1,38.0,28.4
NA,WP_127016184.1,1,38.0,27.86
NA,WP_127016185.1,1,35.0,23.89
NA,WP_127016186.1,1,42.0,26.9
NA,WP_164730911.1,1,36.0,22.0
NA,WP_127016188.1,1,35.0,25.07
NA,WP_127016189.1,1,36.0,24.54
nth,WP_127016190.1,1,38.0,29.47
polX,WP_127018193.1,1,38.0,29.61
NA,WP_127016191.1,1,40.0,34.29
NA,WP_127016192.1,1,31.0,16.94
NA,WP_127016193.1,1,31.0,23.4
NA,WP_127016194.1,1,32.0,20.0
NA,WP_127016196.1,1,25.0,15.62
NA,WP_127016197.1,1,31.0,20.17
NA,WP_127016198.1,1,37.0,28.43
NA,WP_127016199.1,1,37.0,29.41
NA,WP_127016200.1,1,38.0,33.92
NA,WP_127016201.1,1,41.0,32.36
NA,WP_127016202.1,1,39.0,29.38
NA,WP_127016203.1,1,30.0,27.92
NA,WP_127016204.1,1,35.0,26.83
NA,WP_127016205.1,1,39.0,27.81
coaD,WP_127016206.1,1,33.0,24.38
rsmD,WP_127016207.1,1,34.0,27.49
recG,WP_236777883.1,1,37.0,26.3
NA,WP_236777884.1,1,36.0,24.21
NA,WP_127016208.1,1,34.0,18.02
rpmB,WP_127016209.1,1,43.0,31.34
NA,WP_127016210.1,1,37.0,28.78
NA,WP_127016211.1,1,28.999999999999996,20.25
grdD,WP_127016212.1,1,43.0,30.59
grdC,WP_127016213.1,1,40.0,27.72
NA,WP_127016216.1,1,40.0,26.49
NA,WP_127016217.1,1,40.0,34.69
trxB,WP_127016218.1,1,39.0,25.38
NA,WP_127016219.1,1,35.0,30.17
NA,WP_127016220.1,1,41.0,26.98
NA,WP_127018196.1,1,42.0,26.86
NA,WP_127016221.1,1,42.0,31.48
NA,WP_127016222.1,1,33.0,25.6
NA,WP_127016223.1,1,41.0,29.64
NA,WP_127016224.1,1,37.0,32.05
NA,WP_127016225.1,1,34.0,25.25
NA,WP_127016226.1,1,34.0,29.41
dnaE,WP_127016227.1,1,36.0,29.24
NA,WP_164730912.1,1,38.0,26.1
NA,WP_127016229.1,1,41.0,30.44
NA,WP_127016230.1,1,34.0,31.07
NA,WP_127016231.1,1,28.000000000000004,20.65
NA,WP_205665723.1,1,28.999999999999996,19.54
NA,WP_205665724.1,1,36.0,31.52
NA,WP_127016232.1,1,33.0,26.64
NA,WP_127016233.1,1,39.0,24.37
NA,WP_127016234.1,1,40.0,25.95
NA,WP_127016235.1,1,32.0,28.27
lpdA,WP_127016236.1,1,40.0,33.11
NA,WP_127016237.1,1,41.0,35.09
NA,WP_127016238.1,1,40.0,31.31
NA,WP_164730913.1,1,39.0,32.86
gcvPB,WP_127016239.1,1,41.0,32.57
gcvPA,WP_127016240.1,1,39.0,32.12
gcvH,WP_127016241.1,1,36.0,23.73
gcvT,WP_127016242.1,1,36.0,26.26
NA,WP_164730914.1,1,35.0,19.46
NA,WP_127016244.1,1,31.0,19.92
NA,WP_127016245.1,1,26.0,22.06
NA,WP_127016246.1,1,40.0,30.5
NA,WP_164730915.1,1,38.0,28.03
NA,WP_127016248.1,1,33.0,25.14
NA,WP_127016249.1,1,37.0,28.06
NA,WP_127016250.1,1,40.0,29.05
NA,WP_127016251.1,1,33.0,27.44
NA,WP_127016252.1,1,36.0,29.14
NA,WP_127016253.1,1,34.0,26.13
NA,WP_127016254.1,1,35.0,28.37
NA,WP_127016255.1,1,34.0,26.68
NA,WP_081499421.1,1,33.0,25.32
NA,WP_127016256.1,1,30.0,27.59
NA,WP_236777885.1,1,38.0,25.6
NA,WP_127016257.1,1,43.0,26.56
NA,WP_019431323.1,1,33.0,29.27
NA,WP_127016258.1,1,38.0,31.48
NA,WP_127016259.1,1,36.0,30.65
NA,WP_127016260.1,1,37.0,24.55
NA,WP_164730917.1,1,36.0,29.14
NA,WP_127016263.1,1,38.0,27.84
NA,WP_127016264.1,1,35.0,26.2
NA,WP_164730918.1,1,39.0,31.31
NA,WP_127016266.1,1,33.0,22.22
hypF,WP_127016267.1,1,41.0,30.47
NA,WP_127016268.1,1,38.0,33.24
NA,WP_127016269.1,1,39.0,37.5
NA,WP_127016270.1,1,39.0,38.56
NA,WP_164730919.1,1,38.0,41.48
hypE,WP_127016272.1,1,43.0,33.94
hypD,WP_127016273.1,1,42.0,31.64
NA,WP_127016274.1,1,37.0,26.56
tatC,WP_164730920.1,1,35.0,28.45
NA,WP_127016276.1,1,37.0,29.41
hypB,WP_205665725.1,1,39.0,36.15
hypA,WP_164730921.1,1,43.0,35.59
NA,WP_127016279.1,1,38.0,39.04
NA,WP_127016280.1,1,40.0,28.66
NA,WP_257792011.1,1,43.0,33.22
NA,WP_127016282.1,1,34.0,25.3
NA,WP_127016283.1,1,32.0,23.73
NA,WP_164730922.1,1,39.0,31.73
thiT,WP_127016285.1,1,38.0,24.28
ribE,WP_127016286.1,1,40.0,29.45
NA,WP_127016287.1,1,41.0,32.49
NA,WP_127016288.1,1,38.0,29.38
ribD,WP_127016289.1,1,41.0,30.9
rpe,WP_127016290.1,1,40.0,27.36
rsgA,WP_127016291.1,1,37.0,25.78
pknB,WP_127016292.1,1,40.0,32.27
NA,WP_127016293.1,1,34.0,22.67
NA,WP_127016294.1,1,33.0,27.43
rlmN,WP_127016295.1,1,38.0,28.99
rsmB,WP_127016296.1,1,39.0,32.72
NA,WP_127016297.1,1,39.0,39.17
NA,WP_127016298.1,1,42.0,26.46
NA,WP_127018199.1,1,40.0,34.16
fmt,WP_127016299.1,1,40.0,31.8
def,WP_127016300.1,1,37.0,26.09
priA,WP_127016301.1,1,38.0,28.77
NA,WP_127016302.1,1,34.0,28.19
metG,WP_127016303.1,1,35.0,25.09
NA,WP_127016304.1,1,31.0,26.92
metK,WP_127016305.1,1,43.0,31.17
sfsA,WP_127016306.1,1,42.0,30.0
lgt,WP_205665726.1,1,38.0,28.03
NA,WP_127016307.1,1,35.0,27.02
coaBC,WP_127016308.1,1,41.0,31.04
rpoZ,WP_127016309.1,1,39.0,26.23
gmk,WP_127016310.1,1,34.0,20.83
NA,WP_127016311.1,1,42.0,25.93
NA,WP_127016312.1,1,34.0,28.17
NA,WP_236777917.1,1,38.0,40.0
NA,WP_236777886.1,1,39.0,38.46
NA,WP_236777887.1,1,40.0,30.79
NA,WP_127016313.1,1,36.0,30.22
NA,WP_127016314.1,1,35.0,21.66
NA,WP_127016315.1,1,32.0,20.77
NA,WP_127016316.1,1,30.0,21.18
NA,WP_127016317.1,1,30.0,17.39
NA,WP_127016318.1,1,39.0,26.98
NA,WP_127016319.1,1,40.0,32.88
NA,WP_127016320.1,1,40.0,28.17
NA,WP_127016321.1,1,41.0,26.72
NA,WP_081499421.1,1,33.0,25.32
fusA,WP_127016322.1,1,38.0,26.28
NA,WP_127016323.1,1,43.0,39.58
NA,WP_127016324.1,1,41.0,31.25
NA,WP_127016325.1,1,40.0,31.17
NA,WP_127016326.1,1,39.0,24.54
NA,WP_127016327.1,1,30.0,21.48
NA,WP_127016328.1,1,42.0,30.39
NA,WP_081499421.1,1,33.0,25.32
NA,WP_127016329.1,1,28.000000000000004,25.76
NA,WP_127016330.1,1,38.0,25.69
NA,WP_127016331.1,1,26.0,20.25
NA,WP_127016332.1,1,34.0,27.23
NA,WP_127016333.1,1,35.0,27.81
NA,WP_127016334.1,1,40.0,29.75
pyrE,WP_127016335.1,1,40.0,27.72
NA,WP_127016336.1,1,42.0,32.77
NA,WP_164730923.1,1,39.0,35.55
carB,WP_127016338.1,1,39.0,29.97
carA,WP_127016339.1,1,37.0,29.68
pyrF,WP_127016340.1,1,43.0,36.24
NA,WP_127016341.1,1,43.0,32.62
NA,WP_127016342.1,1,41.0,32.79
pyrR,WP_269467430.1,1,40.0,28.16
NA,WP_127016343.1,1,39.0,33.33
lspA,WP_127016344.1,1,38.0,36.03
NA,WP_127016345.1,1,41.0,28.44
NA,WP_127016346.1,1,41.0,27.44
NA,WP_127016347.1,1,35.0,30.68
NA,WP_127016348.1,1,33.0,29.08
NA,WP_127016349.1,1,39.0,34.25
NA,WP_127016350.1,1,41.0,33.86
NA,WP_127016351.1,1,36.0,32.47
NA,WP_127016352.1,1,40.0,32.13
NA,WP_127016353.1,1,37.0,28.25
pgeF,WP_127016354.1,1,42.0,30.53
nrdR,WP_127016355.1,1,37.0,29.79
NA,WP_127016356.1,1,40.0,38.27
NA,WP_164730924.1,1,36.0,24.78
spoIIR,WP_127016358.1,1,37.0,31.8
sigG,WP_127016359.1,1,39.0,30.89
sigE,WP_205665728.1,1,34.0,31.76
NA,WP_164730925.1,1,39.0,35.55
ftsZ,WP_127016361.1,1,43.0,29.82
ftsA,WP_127016362.1,1,39.0,25.18
NA,WP_127016363.1,1,33.0,28.96
murA,WP_127016364.1,1,39.0,27.21
NA,WP_127016365.1,1,41.0,35.93
murC,WP_205665729.1,1,39.0,27.67
murG,WP_127016366.1,1,36.0,25.14
ftsW,WP_127016367.1,1,39.0,33.52
murD,WP_127016368.1,1,39.0,31.15
mraY,WP_127016369.1,1,37.0,29.9
NA,WP_127016370.1,1,38.0,29.78
NA,WP_127016371.1,1,39.0,30.21
NA,WP_127016372.1,1,40.0,32.31
NA,WP_164730926.1,1,34.0,29.75
rsmH,WP_127016374.1,1,40.0,31.79
mraZ,WP_236777888.1,1,40.0,31.82
NA,WP_164730927.1,1,28.999999999999996,27.03
NA,WP_164730928.1,1,26.0,19.01
NA,WP_164730929.1,1,26.0,16.31
NA,WP_127016378.1,1,40.0,33.99
NA,WP_236777889.1,1,47.0,37.0
NA,WP_127016380.1,1,34.0,29.69
NA,WP_127016381.1,1,39.0,33.43
NA,WP_236777890.1,1,33.0,23.58
NA,WP_164730930.1,1,35.0,30.09
NA,WP_127016383.1,1,41.0,31.66
NA,WP_236777891.1,1,39.0,24.94
NA,WP_081499421.1,1,33.0,25.06
NA,WP_127016384.1,1,37.0,30.39
NA,WP_127016385.1,1,33.0,22.53
NA,WP_127016386.1,1,39.0,25.88
trxA,WP_127016387.1,1,35.0,25.77
NA,WP_127016388.1,1,34.0,26.33
NA,WP_127016389.1,1,28.999999999999996,24.3
NA,WP_164730931.1,1,38.0,33.1
NA,WP_127016391.1,1,40.0,31.57
NA,WP_127016392.1,1,39.0,29.64
NA,WP_127016393.1,1,37.0,31.25
NA,WP_127016394.1,1,41.0,32.73
NA,WP_127016395.1,1,39.0,33.33
NA,WP_257792012.1,1,28.999999999999996,25.25
NA,WP_127016397.1,1,32.0,18.52
NA,WP_127016398.1,1,35.0,25.37
NA,WP_127016399.1,1,28.000000000000004,22.02
NA,WP_127016400.1,1,27.0,17.65
NA,WP_164730932.1,1,34.0,22.64
NA,WP_127016403.1,1,33.0,25.58
NA,WP_127016404.1,1,27.0,28.24
NA,WP_127016405.1,1,28.000000000000004,24.41
NA,WP_164730933.1,1,30.0,25.24
NA,WP_164730934.1,1,25.0,20.97
NA,WP_127016408.1,1,23.0,20.0
NA,WP_164730935.1,1,24.0,13.16
NA,WP_127016410.1,1,35.0,30.51
mnmA,WP_127016411.1,1,40.0,28.61
nifU,WP_236777919.1,1,38.0,25.6
nifS,WP_127016413.1,1,38.0,26.18
NA,WP_127016414.1,1,42.0,33.33
NA,WP_127016415.1,1,41.0,25.5
NA,WP_127016416.1,1,41.0,31.02
NA,WP_127016417.1,1,36.0,27.37
aspS,WP_127016418.1,1,42.0,37.07
hisS,WP_127016419.1,1,38.0,27.98
NA,WP_164730936.1,1,35.0,27.25
hemZ,WP_164730937.1,1,36.0,28.48
NA,WP_127016422.1,1,40.0,29.0
dtd,WP_127016423.1,1,41.0,34.29
NA,WP_127016424.1,1,39.0,33.1
NA,WP_127016425.1,1,35.0,25.47
recJ,WP_127016426.1,1,38.0,30.45
NA,WP_127016427.1,1,32.0,27.98
NA,WP_127016428.1,1,36.0,29.91
secF,WP_127016429.1,1,38.0,33.45
secD,WP_127016430.1,1,38.0,27.11
NA,WP_236777892.1,1,38.0,25.0
NA,WP_127016431.1,1,28.000000000000004,22.7
NA,WP_127016432.1,1,28.000000000000004,15.52
NA,WP_127016433.1,1,40.0,33.98
NA,WP_205665732.1,1,38.0,31.6
NA,WP_127016434.1,1,39.0,26.16
NA,WP_127016435.1,1,40.0,30.16
NA,WP_127016436.1,1,32.0,24.64
NA,WP_164730938.1,1,35.0,29.61
yajC,WP_127016439.1,1,34.0,29.41
tgt,WP_127016440.1,1,38.0,29.56
queA,WP_127016441.1,1,41.0,34.44
NA,WP_205665733.1,1,30.0,21.88
ruvB,WP_127016442.1,1,42.0,33.63
ruvA,WP_127016443.1,1,37.0,24.21
ruvC,WP_127016444.1,1,42.0,35.48
NA,WP_127016445.1,1,35.0,26.26
NA,WP_127016446.1,1,40.0,28.81
NA,WP_127016447.1,1,38.0,17.19
NA,WP_127016448.1,1,32.0,24.78
NA,WP_127016449.1,1,36.0,30.16
NA,WP_127016450.1,1,35.0,26.47
NA,WP_236777893.1,1,34.0,16.22
NA,WP_127016452.1,1,33.0,29.09
NA,WP_127016453.1,1,36.0,28.79
NA,WP_127016454.1,1,39.0,27.78
NA,WP_127016455.1,1,37.0,20.88
NA,WP_127016456.1,1,39.0,31.56
NA,WP_164730939.1,1,35.0,24.42
NA,WP_127016458.1,1,41.0,29.83
NA,WP_127016459.1,1,37.0,31.22
NA,WP_205665734.1,1,32.0,26.0
NA,WP_127016461.1,1,37.0,25.85
NA,WP_127016462.1,1,37.0,27.63
NA,WP_127016463.1,1,37.0,37.93
NA,WP_164730940.1,1,37.0,29.89
NA,WP_127016465.1,1,40.0,32.75
NA,WP_164730941.1,1,37.0,15.0
NA,WP_127016466.1,1,36.0,25.61
NA,WP_127016467.1,1,38.0,31.48
NA,WP_127016468.1,1,37.0,29.42
NA,WP_236777920.1,1,37.0,34.62
rpoD,WP_127016470.1,1,40.0,29.08
dnaG,WP_164730942.1,1,34.0,26.13
NA,WP_127016472.1,1,37.0,25.17
NA,WP_127016473.1,1,41.0,31.91
ppdK,WP_127016474.1,1,40.0,28.74
glpX,WP_249776178.1,1,43.0,29.91
NA,WP_127016476.1,1,35.0,24.05
NA,WP_127016477.1,1,39.0,31.68
NA,WP_127016478.1,1,39.0,28.79
NA,WP_236777894.1,1,41.0,34.11
recO,WP_127016479.1,1,38.0,33.33
NA,WP_127016480.1,1,39.0,28.12
era,WP_127016482.1,1,37.0,26.9
NA,WP_127016483.1,1,39.0,28.68
NA,WP_127016484.1,1,38.0,27.98
NA,WP_127016485.1,1,36.0,28.87
NA,WP_127016486.1,1,34.0,24.88
NA,WP_127016487.1,1,38.0,29.6
ybeY,WP_127016488.1,1,39.0,30.83
NA,WP_127016489.1,1,37.0,30.08
NA,WP_236777921.1,1,36.0,25.87
yqfD,WP_127016491.1,1,36.0,29.95
yqfC,WP_127016492.1,1,39.0,31.03
NA,WP_127016493.1,1,31.0,23.25
NA,WP_127016494.1,1,35.0,31.19
NA,WP_127016495.1,1,36.0,27.54
floA,WP_127016496.1,1,44.0,34.36
NA,WP_127016497.1,1,38.0,24.76
NA,WP_127016498.1,1,35.0,30.98
NA,WP_127016499.1,1,33.0,28.27
NA,WP_127016500.1,1,40.0,36.17
rpsU,WP_127016501.1,1,43.0,41.67
NA,WP_127016502.1,1,40.0,28.85
mtaB,WP_127016503.1,1,40.0,31.69
NA,WP_127016504.1,1,39.0,30.36
prmA,WP_127016505.1,1,41.0,33.22
NA,WP_127016506.1,1,30.0,25.86
NA,WP_164730943.1,1,36.0,21.09
dnaJ,WP_127016507.1,1,44.0,32.43
dnaK,WP_127016508.1,1,40.0,29.0
grpE,WP_205665735.1,1,39.0,27.59
hrcA,WP_127016509.1,1,37.0,31.25
hemW,WP_127016510.1,1,40.0,36.86
NA,WP_127016512.1,1,37.0,28.99
gpr,WP_127016513.1,1,41.0,28.8
NA,WP_127016514.1,1,37.0,22.55
rpsT,WP_127016515.1,1,38.0,28.4
holA,WP_127016516.1,1,35.0,36.25
NA,WP_127016517.1,1,37.0,27.95
arsB,WP_127016518.1,1,37.0,32.09
NA,WP_127016519.1,1,33.0,31.67
NA,WP_127016520.1,1,39.0,31.43
NA,WP_127016521.1,1,36.0,26.47
NA,WP_164730944.1,1,32.0,28.07
NA,WP_127016523.1,1,43.0,31.25
NA,WP_127016524.1,1,26.0,18.08
pabB,WP_127016525.1,1,34.0,27.96
NA,WP_127018212.1,1,32.0,20.22
thiE,WP_127016526.1,1,31.0,19.68
thiC,WP_127016527.1,1,37.0,27.34
thiH,WP_127016529.1,1,33.0,25.42
NA,WP_127016530.1,1,37.0,20.08
thiF,WP_127016531.1,1,34.0,23.55
thiS,WP_127016532.1,1,33.0,25.45
NA,WP_127016533.1,1,44.0,30.88
NA,WP_127016534.1,1,35.0,29.78
NA,WP_127016535.1,1,39.0,32.09
rsfS,WP_236777895.1,1,40.0,32.71
NA,WP_127016537.1,1,33.0,22.85
yqeK,WP_127016538.1,1,41.0,29.28
nadD,WP_127016539.1,1,36.0,31.09
NA,WP_127016540.1,1,34.0,22.54
NA,WP_257792018.1,1,31.0,26.51
NA,WP_257792013.1,1,46.0,48.39
NA,WP_205665736.1,1,34.0,33.87
NA,WP_205665737.1,1,39.0,39.47
NA,WP_164730946.1,1,39.0,32.79
NA,WP_236777923.1,1,39.0,27.8
NA,WP_164730947.1,1,37.0,29.51
NA,WP_127016545.1,1,34.0,31.78
bshC,WP_127016546.1,1,36.0,32.64
selA,WP_127016548.1,1,40.0,30.04
NA,WP_205665739.1,1,39.0,31.61
NA,WP_205665740.1,1,39.0,34.62
NA,WP_081499421.1,1,33.0,25.32
NA,WP_127016549.1,1,24.0,20.19
NA,WP_127016550.1,1,32.0,17.37
NA,WP_205665741.1,1,33.0,34.44
NA,WP_205665742.1,1,37.0,27.48
NA,WP_127016551.1,1,28.000000000000004,22.05
NA,WP_127016552.1,1,39.0,26.67
NA,WP_127016553.1,1,36.0,22.22
NA,WP_127016554.1,1,34.0,26.09
NA,WP_127016555.1,1,28.999999999999996,20.7
NA,WP_164730948.1,1,31.0,22.27
NA,WP_236777896.1,1,41.0,29.98
NA,WP_127016557.1,1,40.0,29.41
nuoE,WP_127016558.1,1,37.0,28.21
NA,WP_164730950.1,1,35.0,26.17
NA,WP_127016560.1,1,34.0,23.75
NA,WP_236777897.1,1,36.0,29.91
NA,WP_236777898.1,1,35.0,25.4
hcp,WP_127016565.1,1,38.0,26.67
NA,WP_164730952.1,1,36.0,15.95
NA,WP_164730953.1,1,28.000000000000004,22.58
NA,WP_127016568.1,1,33.0,25.06
NA,WP_127016569.1,1,36.0,29.82
NA,WP_127016570.1,1,35.0,30.08
NA,WP_127016571.1,1,36.0,30.34
NA,WP_127016572.1,1,35.0,30.45
NA,WP_127016573.1,1,39.0,33.64
NA,WP_205665743.1,1,39.0,30.98
NA,WP_127016574.1,1,37.0,30.13
NA,WP_205665744.1,1,37.0,28.67
NA,WP_127016575.1,1,41.0,32.09
NA,WP_127016576.1,1,36.0,21.64
NA,WP_205665745.1,1,42.0,32.53
NA,WP_127016577.1,1,30.0,23.56
NA,WP_127016578.1,1,38.0,23.68
NA,WP_127016579.1,1,35.0,31.02
NA,WP_127016580.1,1,37.0,33.0
NA,WP_127016581.1,1,39.0,29.98
NA,WP_127016582.1,1,38.0,30.77
NA,WP_127016583.1,1,39.0,30.52
NA,WP_127016584.1,1,38.0,27.3
NA,WP_127016585.1,1,36.0,30.27
NA,WP_205665746.1,1,37.0,46.15
NA,WP_127016586.1,1,41.0,34.45
NA,WP_127016587.1,1,42.0,31.01
NA,WP_127016588.1,1,36.0,31.48
NA,WP_127018220.1,1,28.000000000000004,23.64
NA,WP_127016589.1,1,34.0,23.32
NA,WP_127016590.1,1,37.0,32.89
NA,WP_127016593.1,1,31.0,29.63
NA,WP_127016594.1,1,31.0,27.12
NA,WP_127016595.1,1,42.0,32.74
hslO,WP_127016596.1,1,40.0,30.99
NA,WP_127016597.1,1,43.0,31.15
NA,WP_164730954.1,1,32.0,19.51
NA,WP_127016599.1,1,27.0,23.19
yhbY,WP_127016600.1,1,43.0,36.78
obgE,WP_127016601.1,1,40.0,28.74
rpmA,WP_127016602.1,1,42.0,27.17
NA,WP_127016603.1,1,45.0,42.31
rplU,WP_127016604.1,1,36.0,32.98
NA,WP_127016605.1,1,40.0,32.3
NA,WP_127016606.1,1,38.0,32.13
NA,WP_127016607.1,1,41.0,32.84
NA,WP_127016608.1,1,36.0,31.1
NA,WP_127016609.1,1,34.0,35.71
rodA,WP_236777899.1,1,36.0,32.61
minE,WP_236777900.1,1,38.0,34.67
minD,WP_127016610.1,1,41.0,28.24
minC,WP_164730955.1,1,38.0,27.86
mrdA,WP_127016612.1,1,37.0,29.89
mreD,WP_127016613.1,1,31.0,25.66
mreC,WP_127016614.1,1,36.0,31.46
NA,WP_127016615.1,1,43.0,26.71
radC,WP_127016616.1,1,41.0,30.91
NA,WP_127016617.1,1,38.0,27.32
moaA,WP_127016618.1,1,41.0,35.03
hemL,WP_127016619.1,1,43.0,32.78
cobA,WP_127016620.1,1,39.0,24.95
hemC,WP_127016621.1,1,43.0,33.77
NA,WP_127016622.1,1,40.0,31.6
hemA,WP_164730956.1,1,42.0,38.37
NA,WP_127016626.1,1,45.0,33.23
rsxA,WP_127016627.1,1,38.0,32.09
NA,WP_127016628.1,1,41.0,37.76
NA,WP_127016629.1,1,38.0,26.29
NA,WP_127016630.1,1,41.0,30.0
rsxC,WP_127016631.1,1,41.0,28.77
NA,WP_127016632.1,1,39.0,38.84
NA,WP_127016634.1,1,38.0,27.86
NA,WP_205665748.1,1,36.0,37.04
NA,WP_127016635.1,1,39.0,24.71
NA,WP_127016636.1,1,41.0,28.57
NA,WP_127016637.1,1,40.0,25.36
NA,WP_127016638.1,1,40.0,28.9
NA,WP_127016639.1,1,40.0,31.09
NA,WP_127016640.1,1,38.0,30.0
NA,WP_127016641.1,1,39.0,31.75
NA,WP_127016642.1,1,41.0,36.28
NA,WP_127016643.1,1,37.0,27.52
NA,WP_164730957.1,1,39.0,27.74
NA,WP_127016645.1,1,41.0,30.81
NA,WP_164730958.1,1,46.0,42.11
NA,WP_164730959.1,1,43.0,38.99
NA,WP_236777925.1,1,46.0,42.37
NA,WP_127016649.1,1,44.0,45.61
NA,WP_127016650.1,1,43.0,44.27
NA,WP_127018224.1,1,49.0,49.43
NA,WP_236777926.1,1,48.0,43.27
NA,WP_127016652.1,1,46.0,41.68
NA,WP_127016653.1,1,50.0,46.7
NA,WP_127016654.1,1,47.0,40.35
NA,WP_127016655.1,1,37.0,26.16
NA,WP_127016656.1,1,41.0,29.5
NA,WP_127016657.1,1,33.0,25.06
NA,WP_127016658.1,1,39.0,27.97
NA,WP_127016659.1,1,41.0,34.03
NA,WP_127016660.1,1,33.0,28.94
NA,WP_164730960.1,1,37.0,31.27
NA,WP_127016663.1,1,38.0,34.87
NA,WP_127016664.1,1,38.0,32.47
NA,WP_127016665.1,1,38.0,35.92
NA,WP_127016666.1,1,31.0,24.52
NA,WP_127016667.1,1,39.0,29.75
NA,WP_127016668.1,1,35.0,30.23
NA,WP_205665750.1,1,35.0,25.7
NA,WP_236777901.1,1,32.0,29.63
NA,WP_127016670.1,1,32.0,29.05
NA,WP_127016671.1,1,32.0,23.79
NA,WP_205665751.1,1,36.0,31.87
NA,WP_127016672.1,1,32.0,24.33
NA,WP_127016673.1,1,31.0,24.53
NA,WP_250645201.1,1,32.0,25.49
NA,WP_250645199.1,1,33.0,23.71
NA,WP_127016674.1,1,36.0,28.17
NA,WP_164730962.1,1,35.0,29.83
NA,WP_164730963.1,1,37.0,21.43
NA,WP_127016676.1,1,37.0,31.41
NA,WP_164730964.1,1,30.0,23.39
NA,WP_127016678.1,1,22.0,9.09
NA,WP_164730965.1,1,28.999999999999996,20.54
NA,WP_127016680.1,1,28.000000000000004,16.02
NA,WP_127016681.1,1,24.0,15.38
NA,WP_127016682.1,1,30.0,18.71
NA,WP_127016683.1,1,30.0,18.87
NA,WP_127016684.1,1,24.0,17.24
NA,WP_164730967.1,1,30.0,20.16
NA,WP_164730968.1,1,27.0,17.08
NA,WP_127016687.1,1,36.0,32.57
NA,WP_127016688.1,1,36.0,31.94
NA,WP_127016689.1,1,42.0,36.3
NA,WP_127016690.1,1,36.0,32.2
NA,WP_127016691.1,1,41.0,39.13
NA,WP_127016692.1,1,38.0,30.88
NA,WP_127016693.1,1,41.0,34.36
NA,WP_127016694.1,1,40.0,38.37
NA,WP_127016695.1,1,40.0,32.49
NA,WP_127016696.1,1,39.0,32.75
NA,WP_127016697.1,1,36.0,29.88
NA,WP_127016698.1,1,28.999999999999996,20.08
NA,WP_164730969.1,1,35.0,25.54
NA,WP_127016700.1,1,32.0,24.25
NA,WP_127016701.1,1,31.0,23.1
NA,WP_164730970.1,1,33.0,23.53
NA,WP_127016703.1,1,35.0,18.09
NA,WP_127016704.1,1,36.0,30.2
NA,WP_127016705.1,1,34.0,28.57
NA,WP_127016706.1,1,34.0,26.43
NA,WP_127016707.1,1,34.0,23.43
NA,WP_127016708.1,1,31.0,19.19
NA,WP_127016709.1,1,27.0,20.33
NA,WP_127016710.1,1,33.0,23.48
NA,WP_164730971.1,1,37.0,32.4
yihA,WP_127016712.1,1,39.0,36.41
lon,WP_127016713.1,1,39.0,26.69
lonB,WP_127016714.1,1,42.0,29.96
NA,WP_127016715.1,1,37.0,31.96
NA,WP_127016716.1,1,35.0,28.89
NA,WP_127016717.1,1,39.0,31.34
clpX,WP_127016718.1,1,38.0,26.47
clpP,WP_127016719.1,1,40.0,28.04
tig,WP_127016720.1,1,38.0,27.45
NA,WP_127016721.1,1,42.0,34.92
rph,WP_127016722.1,1,40.0,26.17
NA,WP_127016723.1,1,37.0,27.84
NA,WP_127016724.1,1,28.000000000000004,20.35
NA,WP_127016725.1,1,33.0,25.68
NA,WP_127016726.1,1,39.0,26.54
NA,WP_127016727.1,1,38.0,30.99
NA,WP_127016728.1,1,37.0,27.19
NA,WP_127016729.1,1,37.0,28.42
NA,WP_127016730.1,1,37.0,30.13
NA,WP_127016731.1,1,37.0,25.81
NA,WP_164730972.1,1,39.0,30.3
NA,WP_127016733.1,1,41.0,30.63
NA,WP_127016734.1,1,42.0,33.33
NA,WP_127016735.1,1,43.0,33.33
glmL,WP_127016736.1,1,42.0,31.73
murI,WP_127016738.1,1,38.0,29.23
NA,WP_127016739.1,1,39.0,36.66
NA,WP_127016740.1,1,33.0,29.27
NA,WP_127016741.1,1,33.0,28.88
NA,WP_127016742.1,1,37.0,31.33
NA,WP_127016743.1,1,38.0,29.16
NA,WP_127016744.1,1,40.0,33.82
NA,WP_164730973.1,1,35.0,23.68
NA,WP_127016745.1,1,35.0,26.03
NA,WP_127016746.1,1,33.0,35.29
NA,WP_127016747.1,1,33.0,30.46
NA,WP_127016748.1,1,35.0,30.62
NA,WP_127016749.1,1,38.0,28.62
NA,WP_127016750.1,1,41.0,31.62
NA,WP_127016751.1,1,38.0,34.51
NA,WP_127016752.1,1,32.0,27.33
NA,WP_127016754.1,1,40.0,34.85
NA,WP_127016755.1,1,38.0,30.95
hydF,WP_205665607.1,1,40.0,31.51
NA,WP_127016757.1,1,36.0,31.14
folK,WP_127016758.1,1,28.000000000000004,17.18
folB,WP_127016759.1,1,34.0,24.11
folP,WP_127016760.1,1,36.0,26.44
folE,WP_205665608.1,1,38.0,26.4
pulA,WP_127016762.1,1,39.0,30.79
NA,WP_127016763.1,1,39.0,32.46
NA,WP_127016764.1,1,31.0,23.13
NA,WP_205665609.1,1,46.0,39.62
NA,WP_127016765.1,1,33.0,24.76
NA,WP_127016766.1,1,39.0,37.65
NA,WP_127016767.1,1,42.0,33.08
NA,WP_127016768.1,1,35.0,26.3
NA,WP_236777793.1,1,39.0,31.38
NA,WP_127016769.1,1,33.0,29.29
NA,WP_127016770.1,1,41.0,32.24
NA,WP_127016771.1,1,42.0,36.64
NA,WP_127016772.1,1,42.0,29.84
NA,WP_127016773.1,1,34.0,33.53
ald,WP_127016774.1,1,42.0,28.53
spoIIM,WP_127016775.1,1,34.0,30.73
NA,WP_127016776.1,1,46.0,31.86
NA,WP_127016777.1,1,40.0,30.57
NA,WP_127016778.1,1,41.0,31.58
NA,WP_127016779.1,1,39.0,27.01
NA,WP_250645197.1,1,28.000000000000004,15.62
NA,WP_127016780.1,1,42.0,31.77
NA,WP_127016781.1,1,40.0,33.93
NA,WP_127016782.1,1,42.0,28.45
NA,WP_127016783.1,1,42.0,28.28
NA,WP_127016784.1,1,36.0,29.69
buk,WP_127016785.1,1,41.0,28.25
NA,WP_127016786.1,1,39.0,24.71
NA,WP_127016787.1,1,38.0,26.19
NA,WP_127016789.1,1,39.0,25.57
NA,WP_127016790.1,1,37.0,28.22
NA,WP_127016791.1,1,36.0,30.46
NA,WP_127016792.1,1,36.0,26.15
NA,WP_127016793.1,1,31.0,22.4
NA,WP_127016794.1,1,30.0,20.59
NA,WP_127016795.1,1,32.0,25.56
NA,WP_127016796.1,1,39.0,29.73
NA,WP_127016797.1,1,47.0,49.51
NA,WP_127016799.1,1,32.0,18.18
NA,WP_164730974.1,1,26.0,16.81
NA,WP_127016802.1,1,32.0,23.89
NA,WP_127016803.1,1,22.0,14.81
NA,WP_127016804.1,1,34.0,29.41
NA,WP_205665610.1,1,30.0,15.48
NA,WP_164730975.1,1,37.0,32.79
NA,WP_164730976.1,1,37.0,28.8
NA,WP_127016807.1,1,26.0,16.81
NA,WP_257792020.1,1,31.0,17.31
NA,WP_127016809.1,1,35.0,27.22
NA,WP_127016810.1,1,28.999999999999996,18.37
NA,WP_127016811.1,1,35.0,25.13
NA,WP_127016812.1,1,24.0,16.51
NA,WP_127016813.1,1,33.0,20.27
NA,WP_127016814.1,1,27.0,16.43
NA,WP_127016815.1,1,32.0,17.76
NA,WP_164730977.1,1,37.0,32.19
NA,WP_127016817.1,1,24.0,15.6
NA,WP_127016818.1,1,33.0,20.38
NA,WP_127016819.1,1,22.0,11.01
NA,WP_164730978.1,1,33.0,16.36
NA,WP_127016821.1,1,39.0,30.83
NA,WP_127016822.1,1,18.0,10.33
NA,WP_127016823.1,1,31.0,15.55
NA,WP_127016824.1,1,28.000000000000004,23.29
NA,WP_127016825.1,1,32.0,22.32
NA,WP_127016826.1,1,25.0,17.73
NA,WP_236777794.1,1,31.0,15.11
NA,WP_164730979.1,1,38.0,34.69
NA,WP_127016827.1,1,26.0,21.1
NA,WP_164730980.1,1,32.0,14.55
NA,WP_127016829.1,1,36.0,27.14
NA,WP_127016830.1,1,24.0,15.43
NA,WP_127016831.1,1,32.0,21.99
NA,WP_127016832.1,1,28.000000000000004,16.9
NA,WP_127016833.1,1,32.0,16.89
NA,WP_127016568.1,1,33.0,25.06
NA,WP_127016834.1,1,27.0,20.73
NA,WP_164730981.1,1,31.0,16.48
NA,WP_127016836.1,1,36.0,29.25
NA,WP_127016837.1,1,24.0,13.76
NA,WP_205665611.1,1,32.0,16.18
NA,WP_164730979.1,1,38.0,34.69
NA,WP_127016839.1,1,27.0,18.35
NA,WP_257792021.1,1,33.0,19.69
NA,WP_127016841.1,1,24.0,16.51
NA,WP_127016842.1,1,36.0,27.44
NA,WP_127016843.1,1,36.0,25.29
NA,WP_127016845.1,1,49.0,55.03
NA,WP_257791981.1,1,33.0,34.38
NA,WP_127016847.1,1,33.0,23.31
NA,WP_257792022.1,1,31.0,23.61
NA,WP_127016849.1,1,33.0,23.24
NA,WP_127016850.1,1,37.0,31.42
NA,WP_236777795.1,1,44.0,34.53
NA,WP_127016852.1,1,34.0,30.37
steA,WP_127016853.1,1,40.0,32.23
spo0A,WP_205665612.1,1,37.0,32.4
spoIVB,WP_127016855.1,1,39.0,28.7
recN,WP_127016856.1,1,37.0,30.04
argR,WP_127016857.1,1,40.0,33.33
NA,WP_127016858.1,1,37.0,23.05
NA,WP_127016859.1,1,39.0,27.2
dxs,WP_127016860.1,1,41.0,28.08
NA,WP_205665613.1,1,36.0,23.32
NA,WP_127016861.1,1,43.0,28.57
NA,WP_127016862.1,1,34.0,26.47
xseA,WP_236777796.1,1,38.0,27.68
folD,WP_127016863.1,1,43.0,32.71
gltA,WP_127016864.1,1,41.0,28.41
NA,WP_127016865.1,1,41.0,30.15
NA,WP_127016866.1,1,30.0,20.34
NA,WP_127016867.1,1,34.0,24.32
NA,WP_164730984.1,1,34.0,29.73
feoB,WP_127016868.1,1,39.0,32.01
NA,WP_127016869.1,1,40.0,28.77
hydE,WP_127016870.1,1,38.0,32.33
hydG,WP_127016871.1,1,40.0,31.26
NA,WP_127016872.1,1,37.0,31.71
NA,WP_127016873.1,1,34.0,32.33
NA,WP_127016741.1,1,33.0,28.88
NA,WP_127016874.1,1,42.0,26.27
NA,WP_127016876.1,1,42.0,36.45
NA,WP_127016878.1,1,44.0,32.24
nusB,WP_127016879.1,1,37.0,32.33
NA,WP_127016880.1,1,37.0,35.29
amaP,WP_127016881.1,1,35.0,36.78
NA,WP_127016882.1,1,42.0,30.58
accC,WP_127016883.1,1,41.0,31.14
accB,WP_127016884.1,1,39.0,26.17
NA,WP_081499421.1,1,33.0,25.32
NA,WP_236777797.1,1,37.0,33.86
spoIIIAG,WP_164730985.1,1,37.0,32.14
spoIIIAF,WP_127016886.1,1,34.0,31.79
spoIIIAE,WP_164730986.1,1,36.0,30.91
spoIIIAD,WP_127016888.1,1,33.0,31.09
spoIIIAC,WP_127016889.1,1,42.0,43.64
NA,WP_127016890.1,1,38.0,31.29
spoIIIAA,WP_127016891.1,1,39.0,27.02
efp,WP_127016892.1,1,36.0,24.43
NA,WP_127016893.1,1,40.0,27.59
NA,WP_127016894.1,1,35.0,26.54
NA,WP_127016895.1,1,35.0,25.62
NA,WP_127016896.1,1,33.0,23.93
NA,WP_127016897.1,1,32.0,27.05
NA,WP_127016898.1,1,32.0,27.42
NA,WP_127016899.1,1,39.0,29.68
aroQ,WP_127016900.1,1,35.0,25.36
NA,WP_127016901.1,1,36.0,26.88
NA,WP_127016902.1,1,31.0,27.27
pilO,WP_127016903.1,1,28.999999999999996,29.24
NA,WP_164730987.1,1,30.0,28.82
NA,WP_164730988.1,1,31.0,24.31
pilM,WP_127016906.1,1,36.0,30.9
NA,WP_236777798.1,1,35.0,23.75
NA,WP_127016907.1,1,35.0,32.14
NA,WP_127016908.1,1,35.0,27.33
NA,WP_127016909.1,1,35.0,30.51
NA,WP_164730989.1,1,40.0,34.75
NA,WP_236777799.1,1,37.0,28.33
NA,WP_127016912.1,1,37.0,26.36
NA,WP_127016913.1,1,35.0,30.18
NA,WP_127016914.1,1,38.0,30.29
NA,WP_127016915.1,1,36.0,26.81
NA,WP_127016916.1,1,35.0,29.46
tmk,WP_127016917.1,1,38.0,32.55
NA,WP_127016918.1,1,37.0,29.82
ltaE,WP_127016919.1,1,44.0,31.95
NA,WP_127016920.1,1,36.0,26.67
NA,WP_127016921.1,1,35.0,33.33
NA,WP_127016922.1,1,37.0,31.82
NA,WP_236777800.1,1,34.0,23.19
NA,WP_127016925.1,1,32.0,33.62
NA,WP_127016926.1,1,39.0,30.74
NA,WP_127016927.1,1,35.0,31.43
NA,WP_127016928.1,1,33.0,17.65
NA,WP_164730991.1,1,26.0,20.93
NA,WP_127016929.1,1,28.999999999999996,21.03
NA,WP_127016930.1,1,34.0,28.28
NA,WP_257792023.1,1,28.000000000000004,21.64
NA,WP_164730992.1,1,35.0,28.68
NA,WP_236777801.1,1,30.0,27.89
NA,WP_236777802.1,1,34.0,25.24
NA,WP_127016933.1,1,35.0,26.61
NA,WP_127016934.1,1,30.0,29.17
NA,WP_127016935.1,1,32.0,32.3
NA,WP_127016936.1,1,33.0,27.07
NA,WP_269467421.1,1,40.0,31.82
ade,WP_127016937.1,1,42.0,32.44
NA,WP_127016938.1,1,44.0,27.56
NA,WP_127016939.1,1,43.0,29.63
NA,WP_127016940.1,1,41.0,31.88
NA,WP_127016941.1,1,41.0,29.94
NA,WP_164730993.1,1,42.0,32.86
ssnA,WP_127016943.1,1,40.0,33.03
NA,WP_127016944.1,1,42.0,34.09
NA,WP_127018238.1,1,40.0,28.39
NA,WP_127016945.1,1,40.0,33.44
NA,WP_127016946.1,1,40.0,29.32
NA,WP_127016947.1,1,40.0,32.35
NA,WP_127016948.1,1,40.0,26.59
NA,WP_127016949.1,1,35.0,21.81
NA,WP_127016950.1,1,40.0,33.75
NA,WP_127016951.1,1,38.0,22.96
NA,WP_127016952.1,1,28.999999999999996,16.67
NA,WP_127016953.1,1,34.0,21.61
NA,WP_127016954.1,1,30.0,16.62
NA,WP_127016955.1,1,33.0,25.32
NA,WP_127016956.1,1,41.0,34.77
NA,WP_127016957.1,1,42.0,30.41
NA,WP_164730994.1,1,34.0,26.22
sigK,WP_127016959.1,1,34.0,28.57
NA,WP_127016960.1,1,41.0,32.75
NA,WP_127016961.1,1,41.0,41.9
mltG,WP_127016962.1,1,38.0,30.82
NA,WP_127016963.1,1,37.0,28.74
ruvX,WP_127016964.1,1,39.0,28.91
NA,WP_127016965.1,1,39.0,33.2
NA,WP_236777803.1,1,45.0,30.56
NA,WP_236777804.1,1,40.0,32.4
NA,WP_127016966.1,1,38.0,32.49
NA,WP_127016967.1,1,35.0,28.4
NA,WP_205665614.1,1,44.0,35.81
NA,WP_164730995.1,1,27.0,14.0
alaS,WP_205665615.1,1,42.0,31.83
NA,WP_236777932.1,1,38.0,31.53
NA,WP_127016970.1,1,41.0,31.82
NA,WP_127016971.1,1,38.0,25.45
NA,WP_127016972.1,1,26.0,21.23
NA,WP_127016973.1,1,34.0,24.14
NA,WP_127016974.1,1,43.0,31.68
NA,WP_127016975.1,1,43.0,31.82
NA,WP_127016976.1,1,38.0,28.78
hflC,WP_127016977.1,1,39.0,34.17
hflK,WP_205665616.1,1,38.0,29.88
leuS,WP_127016978.1,1,41.0,34.04
NA,WP_164730996.1,1,38.0,29.19
NA,WP_127016980.1,1,32.0,22.22
rnhA,WP_127016981.1,1,43.0,41.33
NA,WP_164730997.1,1,35.0,38.89
NA,WP_164730998.1,1,24.0,22.09
NA,WP_127016984.1,1,31.0,24.01
NA,WP_127016985.1,1,28.000000000000004,17.31
NA,WP_127016986.1,1,32.0,29.9
NA,WP_127016987.1,1,33.0,24.64
NA,WP_205665617.1,1,34.0,26.09
NA,WP_205665618.1,1,36.0,27.71
NA,WP_127016989.1,1,41.0,33.62
NA,WP_127016990.1,1,38.0,26.09
NA,WP_127016991.1,1,40.0,33.66
NA,WP_127016992.1,1,37.0,33.85
NA,WP_127016993.1,1,37.0,32.97
NA,WP_127016994.1,1,37.0,27.66
NA,WP_127016995.1,1,39.0,28.29
NA,WP_127016996.1,1,33.0,22.98
NA,WP_127016997.1,1,35.0,27.97
NA,WP_127016998.1,1,32.0,25.28
NA,WP_127016999.1,1,41.0,29.09
NA,WP_127017000.1,1,33.0,28.09
yunB,WP_164731001.1,1,38.0,34.43
tyrS,WP_127018241.1,1,39.0,34.76
NA,WP_127017002.1,1,41.0,31.47
NA,WP_127017003.1,1,33.0,29.47
NA,WP_127017004.1,1,38.0,30.96
NA,WP_127017006.1,1,33.0,31.82
NA,WP_127017007.1,1,36.0,36.36
NA,WP_127017008.1,1,34.0,29.31
NA,WP_127017009.1,1,27.0,20.63
NA,WP_127017010.1,1,36.0,34.21
NA,WP_127017011.1,1,37.0,21.21
NA,WP_127017012.1,1,35.0,17.65
pheT,WP_127017013.1,1,41.0,32.57
pheS,WP_127017014.1,1,42.0,38.48
NA,WP_127017015.1,1,28.000000000000004,29.17
rlmB,WP_236777805.1,1,39.0,31.4
NA,WP_127017017.1,1,43.0,34.47
NA,WP_127017018.1,1,36.0,25.58
NA,WP_127017019.1,1,36.0,22.82
NA,WP_127017020.1,1,38.0,31.36
rplT,WP_127017021.1,1,41.0,33.94
rpmI,WP_127017022.1,1,33.0,14.29
infC,WP_205665787.1,1,39.0,37.65
NA,WP_127017024.1,1,34.0,24.09
NA,WP_127017025.1,1,34.0,25.52
NA,WP_127017026.1,1,36.0,27.19
thrS,WP_127017027.1,1,39.0,30.62
NA,WP_127017028.1,1,33.0,33.86
NA,WP_164731003.1,1,32.0,23.83
NA,WP_127017030.1,1,36.0,30.3
NA,WP_127017031.1,1,34.0,23.65
NA,WP_127017032.1,1,25.0,21.26
NA,WP_127017033.1,1,31.0,19.93
NA,WP_127017034.1,1,28.000000000000004,20.0
NA,WP_257791983.1,1,43.0,45.71
NA,WP_205665619.1,1,35.0,45.0
NA,WP_127017035.1,1,34.0,29.95
NA,WP_127017036.1,1,33.0,28.49
NA,WP_127017037.1,1,39.0,29.34
NA,WP_127017038.1,1,43.0,35.56
NA,WP_127017039.1,1,42.0,33.74
NA,WP_127017040.1,1,39.0,31.85
NA,WP_127017041.1,1,36.0,26.3
NA,WP_164731004.1,1,39.0,29.34
NA,WP_127017043.1,1,28.999999999999996,21.61
NA,WP_127017044.1,1,27.0,25.0
NA,WP_127017045.1,1,33.0,27.54
NA,WP_127017046.1,1,42.0,34.6
NA,WP_127017047.1,1,42.0,34.24
NA,WP_127017048.1,1,39.0,27.8
NA,WP_127017049.1,1,37.0,23.26
NA,WP_205665620.1,1,38.0,26.42
NA,WP_127017051.1,1,30.0,22.51
NA,WP_127017052.1,1,30.0,18.69
NA,WP_164731005.1,1,28.999999999999996,18.81
NA,WP_127017054.1,1,27.0,17.93
NA,WP_164731006.1,1,30.0,21.21
NA,WP_127017056.1,1,27.0,16.45
NA,WP_127017057.1,1,30.0,17.85
NA,WP_127017058.1,1,32.0,19.34
NA,WP_127018242.1,1,40.0,30.35
NA,WP_127017059.1,1,39.0,26.3
NA,WP_236777807.1,1,41.0,29.45
NA,WP_127017061.1,1,39.0,29.67
NA,WP_127017062.1,1,39.0,27.58
NA,WP_127017063.1,1,38.0,26.47
NA,WP_127017064.1,1,31.0,26.26
mgsA,WP_236777808.1,1,43.0,30.25
coaE,WP_127017066.1,1,38.0,31.25
ytaF,WP_127017067.1,1,37.0,32.56
NA,WP_127017068.1,1,38.0,35.43
mutM,WP_127017069.1,1,39.0,30.57
NA,WP_127017070.1,1,31.0,25.0
NA,WP_127017071.1,1,32.0,20.75
NA,WP_164731008.1,1,32.0,21.81
NA,WP_164731009.1,1,32.0,28.95
NA,WP_127017073.1,1,28.000000000000004,18.41
NA,WP_127017074.1,1,35.0,29.38
NA,WP_127017075.1,1,28.999999999999996,23.46
NA,WP_127017076.1,1,35.0,25.64
NA,WP_127017077.1,1,38.0,25.86
NA,WP_127017078.1,1,42.0,31.51
NA,WP_127017079.1,1,28.999999999999996,23.78
NA,WP_127017081.1,1,35.0,20.8
NA,WP_127017082.1,1,34.0,21.2
NA,WP_164731011.1,1,32.0,17.53
NA,WP_127017084.1,1,32.0,19.68
NA,WP_127017085.1,1,38.0,27.29
NA,WP_164731012.1,1,38.0,25.9
NA,WP_164731013.1,1,33.0,28.46
NA,WP_127017088.1,1,33.0,27.15
NA,WP_127017089.1,1,36.0,23.08
NA,WP_127017090.1,1,33.0,23.72
NA,WP_127017091.1,1,36.0,22.35
NA,WP_127017092.1,1,28.999999999999996,9.68
NA,WP_127017093.1,1,27.0,18.25
NA,WP_127017094.1,1,28.000000000000004,23.53
NA,WP_164731014.1,1,30.0,22.47
rbsB,WP_127017096.1,1,36.0,17.53
NA,WP_236777809.1,1,35.0,22.54
gguA,WP_269467432.1,1,28.999999999999996,19.04
rbsD,WP_127017097.1,1,34.0,22.95
rbsK,WP_127017098.1,1,35.0,21.96
NA,WP_127017099.1,1,32.0,20.67
NA,WP_127017100.1,1,37.0,25.0
NA,WP_127017101.1,1,34.0,25.95
NA,WP_127017102.1,1,38.0,25.22
NA,WP_257791985.1,1,33.0,35.29
NA,WP_127017103.1,1,40.0,38.89
NA,WP_127017104.1,1,38.0,32.88
NA,WP_127017105.1,1,41.0,34.57
NA,WP_127017106.1,1,36.0,31.25
NA,WP_236777934.1,1,43.0,33.33
NA,WP_127017107.1,1,36.0,28.84
NA,WP_127017108.1,1,38.0,38.2
NA,WP_127017109.1,1,35.0,29.58
NA,WP_127017110.1,1,41.0,33.5
NA,WP_127017111.1,1,39.0,32.6
NA,WP_127017112.1,1,40.0,30.99
NA,WP_127017113.1,1,37.0,27.02
NA,WP_127017114.1,1,38.0,29.09
NA,WP_127017115.1,1,37.0,32.42
NA,WP_127017116.1,1,38.0,32.21
NA,WP_127017117.1,1,38.0,37.5
NA,WP_127017118.1,1,34.0,25.0
NA,WP_127017119.1,1,40.0,40.25
NA,WP_164731016.1,1,35.0,28.53
NA,WP_127017121.1,1,39.0,30.51
NA,WP_127017122.1,1,37.0,32.33
NA,WP_205665621.1,1,38.0,28.48
NA,WP_127017124.1,1,36.0,25.82
NA,WP_127017125.1,1,35.0,22.02
NA,WP_127017126.1,1,39.0,35.56
NA,WP_127015677.1,1,33.0,25.06
NA,WP_127017127.1,1,38.0,31.35
NA,WP_127017128.1,1,37.0,35.98
NA,WP_127017129.1,1,34.0,31.55
NA,WP_127017130.1,1,39.0,30.4
NA,WP_127017131.1,1,35.0,31.88
NA,WP_127017132.1,1,36.0,30.75
NA,WP_127017133.1,1,38.0,29.23
NA,WP_127017134.1,1,42.0,31.08
NA,WP_164731163.1,1,35.0,26.06
NA,WP_164731017.1,1,38.0,29.57
NA,WP_127017137.1,1,39.0,33.25
NA,WP_127017138.1,1,32.0,29.17
NA,WP_127017139.1,1,37.0,30.67
NA,WP_127017140.1,1,41.0,37.33
NA,WP_127017141.1,1,33.0,33.33
NA,WP_127017142.1,1,33.0,23.53
NA,WP_164731018.1,1,28.999999999999996,21.28
NA,WP_164731019.1,1,32.0,23.39
NA,WP_127017144.1,1,31.0,23.98
NA,WP_127017145.1,1,34.0,24.07
NA,WP_164731020.1,1,33.0,27.87
NA,WP_127017147.1,1,41.0,33.76
NA,WP_127017148.1,1,42.0,29.69
NA,WP_127017149.1,1,32.0,24.39
NA,WP_127017150.1,1,31.0,23.33
NA,WP_127017151.1,1,35.0,26.94
NA,WP_127017152.1,1,33.0,25.0
NA,WP_127017153.1,1,40.0,29.3
NA,WP_127017154.1,1,37.0,26.46
NA,WP_127017155.1,1,41.0,32.73
NA,WP_127017156.1,1,33.0,24.26
NA,WP_127017157.1,1,34.0,28.57
NA,WP_127017158.1,1,37.0,24.18
NA,WP_127017159.1,1,43.0,35.16
NA,WP_127017160.1,1,39.0,27.78
speB,WP_205665622.1,1,41.0,29.79
speE,WP_127017162.1,1,35.0,24.07
NA,WP_127017163.1,1,41.0,26.57
speD,WP_127017164.1,1,42.0,35.0
NA,WP_127017165.1,1,34.0,23.41
NA,WP_205665624.1,1,41.0,38.36
NA,WP_127017167.1,1,32.0,22.7
ypeB,WP_127017168.1,1,36.0,25.96
sleB,WP_127017169.1,1,43.0,33.63
NA,WP_127017170.1,1,31.0,25.0
NA,WP_127017171.1,1,37.0,29.23
NA,WP_127017172.1,1,40.0,26.62
NA,WP_127017173.1,1,36.0,35.58
NA,WP_127017174.1,1,34.0,32.93
NA,WP_127017175.1,1,41.0,40.16
pcp,WP_127017176.1,1,44.0,36.76
queG,WP_127017177.1,1,39.0,32.32
NA,WP_164731021.1,1,38.0,31.28
NA,WP_127017179.1,1,41.0,36.58
NA,WP_164731022.1,1,30.0,20.66
NA,WP_127017181.1,1,24.0,18.6
NA,WP_127017182.1,1,25.0,18.78
raiA,WP_127017183.1,1,35.0,27.49
NA,WP_127017184.1,1,37.0,33.33
NA,WP_127017185.1,1,40.0,38.32
sigH,WP_127017186.1,1,36.0,28.77
NA,WP_127017187.1,1,36.0,27.78
NA,WP_127017188.1,1,28.000000000000004,21.82
NA,WP_127017189.1,1,35.0,25.0
NA,WP_127017190.1,1,34.0,22.92
NA,WP_127017191.1,1,37.0,28.9
NA,WP_127017192.1,1,37.0,24.56
NA,WP_127017193.1,1,40.0,29.37
NA,WP_127017194.1,1,32.0,28.37
NA,WP_127017195.1,1,33.0,20.24
NA,WP_127017196.1,1,33.0,23.31
NA,WP_127017197.1,1,33.0,29.81
NA,WP_236777810.1,1,42.0,30.27
NA,WP_127017199.1,1,38.0,28.73
flgA,WP_127017200.1,1,36.0,27.85
flgG,WP_127017201.1,1,42.0,31.62
flgF,WP_127017202.1,1,40.0,28.03
NA,WP_127017203.1,1,39.0,27.23
NA,WP_127017204.1,1,36.0,32.09
NA,WP_127017205.1,1,40.0,35.05
NA,WP_127017206.1,1,37.0,27.11
NA,WP_236777811.1,1,40.0,33.06
NA,WP_127017208.1,1,35.0,31.73
NA,WP_127017209.1,1,36.0,25.12
NA,WP_127017210.1,1,38.0,32.27
flhF,WP_127017211.1,1,36.0,30.53
flhA,WP_127017212.1,1,39.0,31.72
flhB,WP_127017213.1,1,36.0,34.21
fliR,WP_127017214.1,1,34.0,31.33
fliQ,WP_127017215.1,1,37.0,30.0
fliP,WP_205665625.1,1,37.0,32.5
NA,WP_127017217.1,1,33.0,31.03
fliY,WP_127017218.1,1,38.0,25.57
fliM,WP_127017219.1,1,40.0,32.72
NA,WP_164731023.1,1,33.0,27.21
NA,WP_127017221.1,1,38.0,32.1
NA,WP_127017222.1,1,37.0,29.84
NA,WP_269467423.1,1,32.0,25.86
NA,WP_127017224.1,1,40.0,27.72
NA,WP_127017225.1,1,39.0,31.4
flgD,WP_127017226.1,1,35.0,27.7
NA,WP_127017227.1,1,37.0,34.42
NA,WP_127017228.1,1,31.0,25.0
fliJ,WP_127017229.1,1,37.0,36.05
fliI,WP_127017230.1,1,44.0,34.11
NA,WP_127017231.1,1,38.0,31.36
fliG,WP_127018247.1,1,39.0,29.36
fliF,WP_127017232.1,1,39.0,28.74
fliE,WP_127017233.1,1,34.0,27.91
flgC,WP_127017234.1,1,40.0,27.74
flgB,WP_205665626.1,1,38.0,25.95
NA,WP_205665627.1,1,31.0,19.83
NA,WP_164731024.1,1,33.0,18.05
neuC,WP_127017236.1,1,32.0,21.35
neuB,WP_127017237.1,1,32.0,19.88
NA,WP_127017238.1,1,36.0,26.58
NA,WP_127017239.1,1,35.0,25.48
NA,WP_127017240.1,1,35.0,23.2
NA,WP_127017241.1,1,31.0,24.03
fliS,WP_127017242.1,1,32.0,27.87
NA,WP_127017243.1,1,31.0,19.74
NA,WP_164731025.1,1,32.0,24.02
NA,WP_127017245.1,1,31.0,26.46
fliD,WP_127017246.1,1,34.0,21.32
NA,WP_127017247.1,1,30.0,28.95
NA,WP_127017248.1,1,41.0,29.74
csrA,WP_127017249.1,1,28.999999999999996,21.62
fliW,WP_127017250.1,1,32.0,25.0
NA,WP_127017251.1,1,36.0,27.27
flgL,WP_127017252.1,1,35.0,27.76
flgK,WP_127017253.1,1,40.0,30.5
NA,WP_127017254.1,1,34.0,26.45
flgM,WP_127017255.1,1,33.0,26.74
NA,WP_127017256.1,1,33.0,22.05
udk,WP_127017257.1,1,39.0,31.53
NA,WP_127017258.1,1,41.0,32.38
NA,WP_127017259.1,1,37.0,28.11
NA,WP_127017260.1,1,37.0,27.07
NA,WP_127017261.1,1,41.0,30.77
NA,WP_127017262.1,1,34.0,24.39
NA,WP_127017263.1,1,36.0,28.75
NA,WP_127017264.1,1,41.0,32.39
NA,WP_127017265.1,1,40.0,29.17
NA,WP_164731026.1,1,34.0,23.78
NA,WP_127017267.1,1,30.0,24.3
NA,WP_127017268.1,1,37.0,37.22
NA,WP_127017269.1,1,38.0,29.27
galE,WP_127017270.1,1,35.0,20.44
NA,WP_127017271.1,1,39.0,28.89
murJ,WP_127017272.1,1,28.999999999999996,20.4
tagD,WP_127017273.1,1,27.0,13.82
NA,WP_164731027.1,1,27.0,16.18
NA,WP_164731028.1,1,28.000000000000004,26.35
NA,WP_127017276.1,1,28.000000000000004,16.33
wecB,WP_127017277.1,1,30.0,15.89
NA,WP_127017278.1,1,28.999999999999996,11.67
NA,WP_127017279.1,1,32.0,19.17
NA,WP_127017280.1,1,27.0,16.54
NA,WP_127017281.1,1,28.000000000000004,17.92
NA,WP_127017282.1,1,33.0,23.56
NA,WP_127017283.1,1,41.0,46.32
NA,WP_236777812.1,1,35.0,25.0
NA,WP_127017284.1,1,38.0,25.26
NA,WP_127017285.1,1,37.0,30.79
NA,WP_127017286.1,1,34.0,25.41
NA,WP_127017287.1,1,40.0,28.42
NA,WP_127017289.1,1,35.0,31.81
NA,WP_127017290.1,1,37.0,32.3
lptB,WP_127017291.1,1,42.0,35.22
NA,WP_127017292.1,1,34.0,23.91
lptC,WP_164731030.1,1,34.0,24.43
galU,WP_127018252.1,1,39.0,28.57
NA,WP_127017294.1,1,38.0,29.2
NA,WP_205665629.1,1,37.0,29.77
NA,WP_127017296.1,1,37.0,33.1
NA,WP_127017297.1,1,39.0,32.33
lpxB,WP_127017298.1,1,41.0,34.31
lpxI,WP_127017299.1,1,39.0,31.66
lpxA,WP_127017300.1,1,39.0,28.74
fabZ,WP_127017301.1,1,40.0,30.88
NA,WP_127017302.1,1,42.0,35.9
NA,WP_127017303.1,1,39.0,35.74
NA,WP_127017304.1,1,28.999999999999996,16.88
NA,WP_127017305.1,1,27.0,20.55
NA,WP_127017306.1,1,28.999999999999996,28.4
NA,WP_127017307.1,1,37.0,30.52
NA,WP_127017308.1,1,28.999999999999996,26.1
NA,WP_127017309.1,1,26.0,19.18
NA,WP_164731032.1,1,33.0,26.56
NA,WP_127017310.1,1,35.0,31.25
NA,WP_127017311.1,1,28.999999999999996,17.24
NA,WP_127017312.1,1,32.0,16.26
NA,WP_127017313.1,1,28.999999999999996,19.75
NA,WP_164731033.1,1,35.0,29.57
NA,WP_127017316.1,1,32.0,26.54
NA,WP_127017317.1,1,40.0,31.42
NA,WP_127017318.1,1,37.0,38.0
NA,WP_127017319.1,1,39.0,38.5
NA,WP_127017320.1,1,35.0,31.03
lpxD,WP_127017321.1,1,42.0,30.15
NA,WP_127017322.1,1,36.0,32.64
NA,WP_164731034.1,1,35.0,36.05
NA,WP_164731035.1,1,40.0,37.84
NA,WP_127017325.1,1,38.0,36.82
NA,WP_127017326.1,1,39.0,34.67
NA,WP_127017327.1,1,38.0,35.6
NA,WP_127017329.1,1,37.0,27.43
NA,WP_164731036.1,1,26.0,17.95
NA,WP_127017330.1,1,42.0,42.16
NA,WP_127017331.1,1,37.0,30.83
NA,WP_127017332.1,1,37.0,30.69
NA,WP_127017333.1,1,40.0,26.71
spoIIID,WP_127017334.1,1,38.0,30.26
NA,WP_164731037.1,1,35.0,21.93
spoIID,WP_127017336.1,1,42.0,34.88
NA,WP_236777813.1,1,39.0,29.55
NA,WP_127017339.1,1,40.0,37.04
NA,WP_127017340.1,1,36.0,28.42
NA,WP_127017341.1,1,36.0,24.56
NA,WP_164731038.1,1,23.0,17.33
NA,WP_081499421.1,1,33.0,25.32
NA,WP_127017343.1,1,25.0,16.67
NA,WP_127017344.1,1,38.0,35.08
NA,WP_127017345.1,1,45.0,29.13
atpD,WP_127017346.1,1,45.0,34.38
atpG,WP_127017347.1,1,42.0,33.7
atpA,WP_127017348.1,1,42.0,29.01
atpH,WP_127017349.1,1,36.0,30.34
atpF,WP_236777814.1,1,39.0,33.33
atpE,WP_127017350.1,1,43.0,20.51
atpB,WP_236777815.1,1,39.0,34.98
NA,WP_127017352.1,1,34.0,30.23
NA,WP_127017353.1,1,36.0,31.88
NA,WP_127017354.1,1,33.0,27.82
NA,WP_127017355.1,1,40.0,27.83
NA,WP_236777816.1,1,41.0,29.17
upp,WP_127017356.1,1,39.0,25.5
NA,WP_127017358.1,1,39.0,26.03
NA,WP_127017359.1,1,38.0,27.59
NA,WP_127017360.1,1,43.0,32.75
ytxJ,WP_127017361.1,1,37.0,30.97
prmC,WP_236777817.1,1,39.0,27.08
prfA,WP_127017362.1,1,40.0,27.51
NA,WP_127017363.1,1,38.0,29.79
NA,WP_127017364.1,1,44.0,36.51
NA,WP_127017365.1,1,35.0,23.46
rpmE,WP_127017366.1,1,42.0,25.42
NA,WP_127017367.1,1,37.0,29.48
rho,WP_236777936.1,1,42.0,33.66
NA,WP_127015490.1,1,33.0,25.32
NA,WP_127017369.1,1,28.999999999999996,24.26
NA,WP_127017370.1,1,33.0,21.33
NA,WP_127017371.1,1,28.999999999999996,22.83
NA,WP_127017372.1,1,32.0,20.87
NA,WP_127017373.1,1,27.0,19.03
hisIE,WP_269467424.1,1,42.0,42.65
hisF,WP_127017374.1,1,44.0,29.67
hisA,WP_127017375.1,1,40.0,31.0
hisH,WP_127017376.1,1,40.0,34.74
hisB,WP_127017377.1,1,42.0,34.05
hisC,WP_164731039.1,1,40.0,31.92
hisD,WP_236777818.1,1,43.0,34.43
hisG,WP_127017379.1,1,41.0,32.02
hisZ,WP_127017380.1,1,40.0,33.17
NA,WP_127017381.1,1,39.0,34.23
NA,WP_127017382.1,1,39.0,29.43
NA,WP_127017383.1,1,37.0,21.09
NA,WP_127017384.1,1,36.0,27.45
NA,WP_127017385.1,1,30.0,26.14
NA,WP_127017386.1,1,30.0,27.66
NA,WP_127017387.1,1,33.0,25.32
NA,WP_127017388.1,1,37.0,31.47
NA,WP_127017389.1,1,25.0,20.16
NA,WP_127017390.1,1,25.0,18.58
NA,WP_164731040.1,1,28.000000000000004,17.05
NA,WP_127017392.1,1,31.0,20.83
NA,WP_127017393.1,1,28.000000000000004,19.25
NA,WP_164731041.1,1,24.0,19.66
NA,WP_164731042.1,1,28.000000000000004,18.05
NA,WP_127017396.1,1,41.0,32.63
NA,WP_127017397.1,1,39.0,31.82
NA,WP_127017398.1,1,38.0,31.06
NA,WP_127017399.1,1,39.0,25.2
NA,WP_127017400.1,1,37.0,31.17
NA,WP_127017401.1,1,39.0,31.84
NA,WP_127017402.1,1,34.0,27.3
NA,WP_127017403.1,1,42.0,31.6
NA,WP_236777819.1,1,42.0,35.79
NA,WP_127017405.1,1,44.0,30.03
NA,WP_127017406.1,1,42.0,27.88
atoD,WP_127017407.1,1,40.0,27.62
NA,WP_127017408.1,1,42.0,28.52
NA,WP_127017409.1,1,42.0,30.58
NA,WP_127017410.1,1,41.0,31.27
NA,WP_127017411.1,1,42.0,34.73
NA,WP_127017412.1,1,42.0,35.69
NA,WP_127017413.1,1,41.0,38.26
NA,WP_127017414.1,1,44.0,39.18
NA,WP_127017415.1,1,42.0,36.01
NA,WP_127017417.1,1,21.0,13.89
NA,WP_127017418.1,1,28.999999999999996,14.72
NA,WP_127017419.1,1,30.0,20.09
NA,WP_164731044.1,1,33.0,21.62
NA,WP_257792024.1,1,31.0,22.73
NA,WP_127017421.1,1,30.0,23.71
NA,WP_164731045.1,1,25.0,13.18
NA,WP_164731046.1,1,35.0,28.4
NA,WP_127017424.1,1,37.0,23.74
NA,WP_127017425.1,1,33.0,29.49
NA,WP_127017426.1,1,36.0,29.15
NA,WP_127017427.1,1,30.0,24.4
NA,WP_127017428.1,1,25.0,16.77
NA,WP_164731047.1,1,37.0,28.86
NA,WP_127017430.1,1,43.0,38.6
NA,WP_127017431.1,1,34.0,23.6
NA,WP_127017432.1,1,33.0,30.69
NA,WP_127017433.1,1,32.0,26.86
NA,WP_127017435.1,1,30.0,21.61
NA,WP_164731048.1,1,31.0,22.32
NA,WP_127017437.1,1,30.0,20.58
NA,WP_127017438.1,1,34.0,17.29
NA,WP_164731049.1,1,31.0,20.64
NA,WP_127017440.1,1,28.999999999999996,13.71
NA,WP_127017441.1,1,23.0,12.5
NA,WP_257792025.1,1,37.0,27.29
NA,WP_127017443.1,1,37.0,32.17
NA,WP_127017444.1,1,30.0,19.78
NA,WP_127017445.1,1,36.0,27.37
NA,WP_164731050.1,1,49.0,55.56
NA,WP_127017447.1,1,33.0,29.08
NA,WP_127017448.1,1,28.999999999999996,18.43
NA,WP_127017449.1,1,35.0,25.66
NA,WP_127017450.1,1,28.999999999999996,20.37
NA,WP_127017451.1,1,33.0,25.32
NA,WP_127017452.1,1,36.0,28.69
NA,WP_127017453.1,1,28.000000000000004,17.34
NA,WP_127017454.1,1,36.0,9.38
NA,WP_164731051.1,1,36.0,30.12
NA,WP_127017456.1,1,28.999999999999996,17.92
NA,WP_127017457.1,1,32.0,20.3
NA,WP_127017458.1,1,36.0,28.54
NA,WP_127017459.1,1,30.0,18.5
NA,WP_127017460.1,1,36.0,14.41
NA,WP_164731052.1,1,26.0,17.34
NA,WP_127017462.1,1,35.0,23.28
NA,WP_127017463.1,1,28.999999999999996,19.84
NA,WP_164731053.1,1,36.0,27.79
NA,WP_127017465.1,1,21.0,14.29
NA,WP_127017466.1,1,36.0,28.11
NA,WP_127017467.1,1,33.0,22.74
NA,WP_127017468.1,1,34.0,24.19
NA,WP_236777820.1,1,41.0,35.96
NA,WP_127017470.1,1,37.0,33.7
NA,WP_236777821.1,1,34.0,27.54
NA,WP_127017472.1,1,42.0,30.55
NA,WP_236777822.1,1,37.0,23.57
NA,WP_127017474.1,1,39.0,29.14
NA,WP_127017475.1,1,38.0,28.26
NA,WP_205665633.1,1,36.0,27.63
NA,WP_127017476.1,1,35.0,24.81
NA,WP_127017477.1,1,38.0,26.45
NA,WP_127017478.1,1,36.0,31.6
NA,WP_127017479.1,1,41.0,26.69
NA,WP_127017480.1,1,36.0,20.96
NA,WP_127017481.1,1,33.0,22.37
NA,WP_127017482.1,1,36.0,24.77
NA,WP_127017483.1,1,40.0,26.63
NA,WP_127017484.1,1,37.0,27.5
NA,WP_127017485.1,1,32.0,24.1
NA,WP_127017486.1,1,38.0,30.19
NA,WP_164730809.1,1,35.0,36.36
NA,WP_127017488.1,1,28.000000000000004,20.34
NA,WP_127017489.1,1,42.0,30.39
NA,WP_127017490.1,1,35.0,33.68
NA,WP_205665634.1,1,44.0,38.71
NA,WP_127017491.1,1,41.0,29.67
NA,WP_127017492.1,1,37.0,29.17
NA,WP_164731055.1,1,38.0,26.44
NA,WP_127017494.1,1,25.0,24.0
NA,WP_127017495.1,1,31.0,22.1
NA,WP_164731056.1,1,30.0,21.88
NA,WP_127017497.1,1,35.0,27.34
NA,WP_127017498.1,1,46.0,35.42
NA,WP_127017499.1,1,32.0,20.22
yiaY,WP_205665635.1,1,36.0,18.13
NA,WP_127017500.1,1,37.0,30.23
NA,WP_127017501.1,1,43.0,46.48
NA,WP_205665636.1,1,36.0,27.54
NA,WP_127017502.1,1,35.0,22.43
NA,WP_127017503.1,1,38.0,34.24
pdxS,WP_127017504.1,1,45.0,35.34
pdxT,WP_127017505.1,1,41.0,34.22
NA,WP_127017506.1,1,31.0,29.38
NA,WP_127017508.1,1,28.000000000000004,16.67
NA,WP_127017509.1,1,40.0,33.47
NA,WP_127017510.1,1,41.0,35.38
NA,WP_127017511.1,1,41.0,34.85
NA,WP_127017512.1,1,39.0,33.57
NA,WP_127017513.1,1,33.0,20.27
NA,WP_164731057.1,1,39.0,42.5
NA,WP_127017514.1,1,42.0,32.6
NA,WP_127017515.1,1,36.0,30.43
NA,WP_127017516.1,1,33.0,28.12
NA,WP_205665637.1,1,33.0,15.0
NA,WP_127017518.1,1,40.0,30.06
NA,WP_164731058.1,1,35.0,28.03
spoVB,WP_127017520.1,1,40.0,35.62
NA,WP_127017521.1,1,31.0,26.05
NA,WP_127017522.1,1,40.0,32.38
NA,WP_127017523.1,1,32.0,24.62
NA,WP_205665638.1,1,42.0,38.85
larC,WP_205665639.1,1,39.0,28.02
larB,WP_127017524.1,1,43.0,34.82
larE,WP_127017525.1,1,40.0,32.83
NA,WP_127017526.1,1,35.0,31.66
NA,WP_127017527.1,1,38.0,32.29
NA,WP_127017528.1,1,39.0,31.15
NA,WP_127017529.1,1,37.0,23.23
NA,WP_127017530.1,1,33.0,28.4
NA,WP_127017531.1,1,35.0,34.15
NA,WP_127017532.1,1,32.0,14.29
NA,WP_127017533.1,1,28.999999999999996,22.19
aroB,WP_127017534.1,1,40.0,31.82
NA,WP_127017535.1,1,41.0,32.94
aroC,WP_127017536.1,1,46.0,40.91
aroE,WP_127017537.1,1,41.0,29.71
NA,WP_164731059.1,1,27.0,25.0
NA,WP_127017539.1,1,38.0,28.98
aroA,WP_127017542.1,1,40.0,28.81
argS,WP_127017543.1,1,40.0,35.66
NA,WP_164731060.1,1,38.0,30.77
yedE,WP_164731061.1,1,43.0,39.58
NA,WP_127017546.1,1,31.0,22.06
NA,WP_127017547.1,1,32.0,28.05
gltX,WP_127017548.1,1,37.0,25.37
NA,WP_127017549.1,1,43.0,33.85
NA,WP_127017550.1,1,32.0,28.41
NA,WP_127017551.1,1,34.0,30.13
NA,WP_127017552.1,1,35.0,26.02
NA,WP_127017553.1,1,33.0,28.68
NA,WP_127017554.1,1,43.0,28.57
NA,WP_127017555.1,1,37.0,33.73
NA,WP_127017556.1,1,36.0,30.63
NA,WP_127017557.1,1,34.0,25.76
NA,WP_127017387.1,1,33.0,25.32
NA,WP_127017559.1,1,24.0,12.2
NA,WP_127017560.1,1,27.0,16.96
NA,WP_164731063.1,1,34.0,29.08
NA,WP_127017562.1,1,26.0,19.39
NA,WP_127017563.1,1,38.0,27.81
NA,WP_127017564.1,1,30.0,22.45
NA,WP_127017565.1,1,27.0,19.35
NA,WP_127017566.1,1,34.0,28.65
NA,WP_164731064.1,1,33.0,25.66
NA,WP_127017568.1,1,30.0,28.92
NA,WP_164731065.1,1,22.0,13.0
NA,WP_127017572.1,1,33.0,28.49
rlmH,WP_127017573.1,1,35.0,29.33
NA,WP_127017574.1,1,37.0,36.48
NA,WP_127017575.1,1,40.0,26.4
NA,WP_205665640.1,1,38.0,27.24
NA,WP_127017576.1,1,43.0,31.76
NA,WP_127017577.1,1,36.0,32.53
hflX,WP_236777823.1,1,37.0,26.95
NA,WP_127017578.1,1,38.0,32.34
NA,WP_127017579.1,1,34.0,24.61
NA,WP_127017580.1,1,31.0,25.71
NA,WP_164731067.1,1,25.0,17.39
NA,WP_127017581.1,1,39.0,35.0
NA,WP_127017582.1,1,40.0,34.11
NA,WP_127017583.1,1,33.0,28.82
NA,WP_127017584.1,1,30.0,24.64
purH,WP_127017585.1,1,41.0,30.23
purN,WP_127017586.1,1,45.0,39.81
purM,WP_127017587.1,1,44.0,33.33
purF,WP_127017588.1,1,43.0,35.87
purL,WP_127017589.1,1,43.0,33.65
purQ,WP_127017590.1,1,41.0,33.19
purS,WP_127017591.1,1,39.0,35.53
NA,WP_127018270.1,1,37.0,30.97
NA,WP_127018271.1,1,41.0,35.82
NA,WP_127017592.1,1,30.0,21.85
NA,WP_127017593.1,1,30.0,23.7
NA,WP_127017595.1,1,40.0,33.66
ubiB,WP_127017596.1,1,34.0,24.28
NA,WP_127017597.1,1,36.0,31.96
NA,WP_164731068.1,1,28.000000000000004,20.38
NA,WP_127017599.1,1,38.0,30.08
NA,WP_127017600.1,1,28.999999999999996,20.05
NA,WP_164731069.1,1,40.0,33.88
NA,WP_127017603.1,1,41.0,30.46
NA,WP_164731070.1,1,38.0,31.76
purE,WP_127017605.1,1,46.0,36.59
purD,WP_127017606.1,1,43.0,31.41
NA,WP_127017607.1,1,39.0,25.36
purB,WP_127017608.1,1,40.0,32.62
NA,WP_127017609.1,1,41.0,35.9
NA,WP_127017610.1,1,28.999999999999996,20.59
NA,WP_127017611.1,1,34.0,28.41
NA,WP_127017612.1,1,21.0,14.16
NA,WP_127017613.1,1,28.000000000000004,18.67
NA,WP_127017614.1,1,27.0,13.58
NA,WP_127017615.1,1,27.0,19.39
NA,WP_127017616.1,1,28.000000000000004,17.76
NA,WP_257791991.1,1,40.0,12.9
NA,WP_127017617.1,1,31.0,23.04
NA,WP_127017618.1,1,33.0,24.09
NA,WP_127017619.1,1,37.0,27.54
NA,WP_127017620.1,1,43.0,40.35
NA,WP_127017621.1,1,35.0,25.0
NA,WP_127017622.1,1,27.0,17.69
lonC,WP_127017623.1,1,42.0,33.12
rplI,WP_127017624.1,1,36.0,26.09
NA,WP_127017625.1,1,32.0,26.9
NA,WP_127017626.1,1,28.999999999999996,22.0
rpsR,WP_205665641.1,1,41.0,30.77
rpsF,WP_127017629.1,1,37.0,38.37
NA,WP_164731072.1,1,23.0,15.57
NA,WP_127017631.1,1,25.0,17.48
NA,WP_257791992.1,1,22.0,17.14
NA,WP_236777824.1,1,42.0,40.0
NA,WP_127017635.1,1,36.0,29.63
NA,WP_164731073.1,1,38.0,31.52
NA,WP_164731074.1,1,38.0,28.02
NA,WP_127017638.1,1,30.0,17.68
NA,WP_164731075.1,1,22.0,19.49
NA,WP_164731076.1,1,32.0,22.09
NA,WP_127017641.1,1,35.0,30.38
yyaC,WP_127017642.1,1,39.0,30.11
NA,WP_127017643.1,1,38.0,32.43
NA,WP_127017644.1,1,39.0,26.32
NA,WP_127017645.1,1,41.0,24.44
NA,WP_127017646.1,1,35.0,23.93
NA,WP_164731077.1,1,32.0,24.68
NA,WP_127017648.1,1,35.0,27.0
NA,WP_127017649.1,1,38.0,24.23
NA,WP_127017650.1,1,34.0,22.69
NA,WP_127017651.1,1,36.0,25.46
NA,WP_127018274.1,1,36.0,22.85
NA,WP_127017652.1,1,33.0,20.43
NA,WP_127017653.1,1,36.0,23.77
noc,WP_127017654.1,1,32.0,22.57
rsmG,WP_127017655.1,1,33.0,18.1
mnmG,WP_236777825.1,1,37.0,23.99
mnmE,WP_127017657.1,1,36.0,21.56
NA,WP_127017658.1,1,34.0,16.42
NA,WP_236777826.1,1,32.0,25.0
yidD,WP_236777939.1,1,35.0,24.59
rnpA,WP_236777827.1,1,27.0,14.95
dnaA,WP_127017660.1,1,34.0,23.32
dnaN,WP_127017661.1,1,32.0,20.33
NA,WP_127017662.1,1,39.0,24.19
recF,WP_127017663.1,1,34.0,27.95
NA,WP_127017664.1,1,30.0,24.32
NA,WP_127017666.1,1,41.0,38.42
NA,WP_205665642.1,1,38.0,29.05
NA,WP_205665643.1,1,33.0,22.39
NA,WP_205665644.1,1,36.0,32.88
NA,WP_127017667.1,1,36.0,32.41
NA,WP_127017668.1,1,40.0,33.05
NA,WP_127017669.1,1,43.0,36.21
NA,WP_127017670.1,1,38.0,28.28
NA,WP_164731079.1,1,35.0,35.71
NA,WP_164731080.1,1,34.0,29.32
NA,WP_205665645.1,1,33.0,26.19
NA,WP_127017672.1,1,28.000000000000004,23.08
NA,WP_127017673.1,1,25.0,14.79
NA,WP_127017674.1,1,27.0,16.77
NA,WP_127017675.1,1,30.0,20.0
NA,WP_127017676.1,1,28.999999999999996,17.28
NA,WP_127017677.1,1,30.0,20.06
NA,WP_127017678.1,1,46.0,35.79
NA,WP_127017679.1,1,38.0,28.94
NA,WP_205665646.1,1,33.0,19.54
ord,WP_236777940.1,1,39.0,23.65
ortA,WP_127017681.1,1,43.0,34.44
ortB,WP_127017682.1,1,43.0,30.67
NA,WP_127017683.1,1,39.0,29.63
NA,WP_127017684.1,1,43.0,33.33
oraE,WP_127017685.1,1,40.0,28.91
NA,WP_127017686.1,1,43.0,34.24
NA,WP_127017687.1,1,30.0,23.17
NA,WP_127017688.1,1,31.0,24.38
NA,WP_205665648.1,1,42.0,33.73
NA,WP_164731081.1,1,36.0,28.26
ablA,WP_127017690.1,1,41.0,33.42
NA,WP_127017691.1,1,38.0,30.92
sppA,WP_127017692.1,1,41.0,33.44
NA,WP_127017693.1,1,38.0,25.45
serS,WP_127017694.1,1,41.0,31.1
NA,WP_127017695.1,1,38.0,29.8
NA,WP_164731082.1,1,34.0,28.96
NA,WP_127017697.1,1,38.0,29.13
NA,WP_127017698.1,1,37.0,28.09
NA,WP_127015677.1,1,33.0,25.06
tadA,WP_164731083.1,1,43.0,29.37
NA,WP_127017700.1,1,28.000000000000004,16.88
NA,WP_127017701.1,1,28.999999999999996,17.57
NA,WP_164731085.1,1,31.0,13.89
NA,WP_127017703.1,1,38.0,27.56
NA,WP_127017704.1,1,39.0,27.19
NA,WP_236777828.1,1,32.0,15.0
NA,WP_127017706.1,1,39.0,47.73
NA,WP_127017707.1,1,39.0,34.72
NA,WP_127017708.1,1,38.0,38.67
NA,WP_127017709.1,1,41.0,37.11
NA,WP_127017710.1,1,26.0,20.64
NA,WP_127017711.1,1,22.0,19.39
NA,WP_127017712.1,1,22.0,26.98
NA,WP_127017713.1,1,39.0,28.0
NA,WP_164731089.1,1,37.0,31.11
NA,WP_164731091.1,1,30.0,26.83
NA,WP_127017715.1,1,28.999999999999996,25.13
NA,WP_127017716.1,1,27.0,16.35
NA,WP_236777829.1,1,36.0,22.1
NA,WP_127017717.1,1,28.000000000000004,13.74
NA,WP_164731093.1,1,27.0,19.44
NA,WP_127017718.1,1,28.000000000000004,15.13
NA,WP_205665649.1,1,27.0,18.3
NA,WP_164731094.1,1,36.0,17.91
NA,WP_127017720.1,1,33.0,25.61
NA,WP_257791993.1,1,33.0,37.5
NA,WP_127017721.1,1,33.0,23.53
NA,WP_164731096.1,1,30.0,28.26
NA,WP_164731098.1,1,28.000000000000004,21.13
NA,WP_127017725.1,1,28.999999999999996,22.81
NA,WP_236777830.1,1,36.0,21.81
NA,WP_127017726.1,1,33.0,25.32
NA,WP_164731100.1,1,31.0,19.17
NA,WP_127017729.1,1,27.0,19.4
NA,WP_257792027.1,1,28.000000000000004,19.32
NA,WP_127017731.1,1,30.0,21.95
NA,WP_127017732.1,1,31.0,25.81
NA,WP_257791994.1,1,31.0,26.79
NA,WP_257792029.1,1,27.0,21.24
NA,WP_164731107.1,1,31.0,26.56
NA,WP_127017736.1,1,30.0,22.96
NA,WP_127017737.1,1,31.0,22.33
NA,WP_127017738.1,1,37.0,36.26
NA,WP_236777941.1,1,41.0,27.78
NA,WP_127017740.1,1,23.0,19.76
NA,WP_236777942.1,1,27.0,25.2
NA,WP_127017742.1,1,26.0,19.4
NA,WP_127017743.1,1,27.0,13.5
abc-f,WP_205665650.1,1,31.0,22.01
NA,WP_127017745.1,1,32.0,26.6
NA,WP_127017746.1,1,35.0,21.4
NA,WP_257791995.1,1,35.0,36.36
dnaX,WP_127017747.1,1,36.0,31.22
NA,WP_127017748.1,1,41.0,34.41
recR,WP_127017749.1,1,45.0,34.74
NA,WP_127017750.1,1,36.0,27.33
NA,WP_127017751.1,1,39.0,30.95
NA,WP_236777832.1,1,37.0,27.48
NA,WP_127017752.1,1,38.0,27.07
NA,WP_127017753.1,1,41.0,42.45
NA,WP_164731110.1,1,28.999999999999996,29.73
NA,WP_236777833.1,1,41.0,35.45
NA,WP_164730810.1,1,35.0,32.89
NA,WP_127017755.1,1,40.0,33.83
NA,WP_127017756.1,1,33.0,20.21
NA,WP_081499421.1,1,33.0,25.32
NA,WP_127017757.1,1,34.0,30.55
NA,WP_127017758.1,1,39.0,29.71
NA,WP_127017759.1,1,32.0,22.67
NA,WP_127017760.1,1,24.0,17.95
NA,WP_127017761.1,1,37.0,24.73
NA,WP_127017762.1,1,43.0,33.33
NA,WP_127017763.1,1,40.0,28.39
NA,WP_127017764.1,1,41.0,30.03
NA,WP_127017765.1,1,34.0,26.5
NA,WP_127017766.1,1,40.0,35.0
NA,WP_127017767.1,1,34.0,21.57
NA,WP_127017768.1,1,36.0,27.08
guaB,WP_127017769.1,1,42.0,30.32
NA,WP_127017770.1,1,40.0,26.11
NA,WP_127017771.1,1,32.0,20.0
NA,WP_164731112.1,1,32.0,20.93
NA,WP_127017772.1,1,39.0,27.0
holB,WP_127017773.1,1,35.0,31.89
NA,WP_127017775.1,1,41.0,33.66
NA,WP_164731114.1,1,41.0,35.37
rsmI,WP_205665651.1,1,41.0,34.05
NA,WP_236777943.1,1,37.0,31.51
NA,WP_205665652.1,1,38.0,26.16
NA,WP_127017780.1,1,39.0,34.86
NA,WP_127017781.1,1,40.0,33.59
NA,WP_127017782.1,1,40.0,29.15
NA,WP_127017783.1,1,36.0,18.24
NA,WP_236777834.1,1,39.0,22.11
NA,WP_236777835.1,1,33.0,26.83
NA,WP_236777836.1,1,38.0,29.17
NA,WP_127017784.1,1,38.0,31.28
NA,WP_127017785.1,1,38.0,31.88
NA,WP_127017786.1,1,36.0,25.83
NA,WP_127017787.1,1,36.0,30.02
NA,WP_164730811.1,1,46.0,37.04
NA,WP_127017788.1,1,35.0,33.46
NA,WP_127017789.1,1,40.0,36.14
NA,WP_127017790.1,1,38.0,23.78
fsa,WP_127017791.1,1,41.0,34.63
NA,WP_127017792.1,1,36.0,22.37
NA,WP_127017793.1,1,37.0,23.1
NA,WP_127017794.1,1,37.0,28.21
NA,WP_127017795.1,1,32.0,26.2
NA,WP_127017796.1,1,41.0,30.85
rsmA,WP_127017797.1,1,37.0,32.5
NA,WP_127017798.1,1,40.0,33.33
yabG,WP_127017799.1,1,37.0,25.56
NA,WP_127017800.1,1,32.0,20.25
NA,WP_127017801.1,1,32.0,18.63
NA,WP_127017802.1,1,46.0,34.26
NA,WP_164731115.1,1,39.0,31.34
NA,WP_127017804.1,1,37.0,31.63
NA,WP_164731116.1,1,38.0,31.48
NA,WP_127017806.1,1,31.0,30.56
NA,WP_127017807.1,1,43.0,37.44
NA,WP_127017808.1,1,39.0,33.16
NA,WP_127017809.1,1,35.0,22.57
NA,WP_164731117.1,1,37.0,29.91
NA,WP_164731118.1,1,34.0,28.36
NA,WP_127017812.1,1,37.0,27.05
NA,WP_127017813.1,1,39.0,24.75
NA,WP_127017814.1,1,34.0,25.83
NA,WP_236777837.1,1,38.0,26.43
NA,WP_127017815.1,1,36.0,29.18
NA,WP_127017816.1,1,28.000000000000004,11.54
NA,WP_164731119.1,1,32.0,31.9
NA,WP_257791998.1,1,43.0,12.9
NA,WP_127017819.1,1,28.999999999999996,19.39
NA,WP_164731120.1,1,28.999999999999996,19.49
NA,WP_164731121.1,1,25.0,18.33
NA,WP_127017822.1,1,31.0,19.0
NA,WP_127017823.1,1,28.000000000000004,18.62
NA,WP_127017824.1,1,36.0,22.22
NA,WP_127017825.1,1,38.0,30.13
pstC,WP_236777838.1,1,37.0,29.66
pstA,WP_236777839.1,1,40.0,30.71
pstB,WP_269467434.1,1,40.0,32.64
phoU,WP_127017827.1,1,38.0,29.47
NA,WP_127017828.1,1,37.0,24.41
NA,WP_127017829.1,1,36.0,25.23
NA,WP_127017830.1,1,38.0,26.88
NA,WP_164731122.1,1,32.0,28.26
NA,WP_164731123.1,1,31.0,18.97
NA,WP_127017833.1,1,33.0,14.54
NA,WP_164731124.1,1,38.0,21.02
NA,WP_164731125.1,1,27.0,18.37
NA,WP_127017836.1,1,34.0,19.68
NA,WP_164731126.1,1,34.0,22.35
NA,WP_127017839.1,1,35.0,21.31
NA,WP_127017840.1,1,35.0,23.46
NA,WP_205665653.1,1,43.0,27.71
NA,WP_205665654.1,1,38.0,28.09
NA,WP_127017841.1,1,37.0,29.03
NA,WP_127017842.1,1,38.0,32.56
NA,WP_127017843.1,1,33.0,25.32
NA,WP_236777840.1,1,33.0,22.95
NA,WP_127017845.1,1,39.0,27.6
NA,WP_164731127.1,1,41.0,37.52
fbp,WP_127017847.1,1,44.0,32.6
NA,WP_127017849.1,1,38.0,31.25
thiI,WP_127018295.1,1,42.0,35.77
NA,WP_127017850.1,1,34.0,22.14
NA,WP_127017852.1,1,32.0,30.43
NA,WP_127017853.1,1,34.0,22.89
NA,WP_127017854.1,1,35.0,25.35
NA,WP_257792030.1,1,40.0,31.0
NA,WP_269467435.1,1,41.0,31.43
NA,WP_127017858.1,1,36.0,33.08
NA,WP_127018297.1,1,36.0,28.45
NA,WP_127017859.1,1,36.0,34.65
NA,WP_127017860.1,1,34.0,22.08
NA,WP_127017861.1,1,34.0,23.86
NA,WP_127017863.1,1,27.0,18.45
NA,WP_127017865.1,1,35.0,29.29
NA,WP_127017866.1,1,36.0,31.1
NA,WP_127017867.1,1,30.0,25.08
NA,WP_127017868.1,1,33.0,29.63
NA,WP_127017869.1,1,33.0,33.33
NA,WP_127017870.1,1,30.0,28.4
NA,WP_127017871.1,1,39.0,30.9
NA,WP_127017872.1,1,33.0,12.09
NA,WP_127017873.1,1,28.999999999999996,21.92
NA,WP_127017874.1,1,33.0,25.32
NA,WP_205665655.1,1,35.0,28.91
NA,WP_269467436.1,1,39.0,27.78
NA,WP_127017877.1,1,38.0,27.76
NA,WP_127017878.1,1,35.0,25.94
NA,WP_164731128.1,1,38.0,35.9
NA,WP_127017879.1,1,35.0,25.42
NA,WP_127017880.1,1,33.0,27.72
NA,WP_127017881.1,1,36.0,26.49
cax,WP_127017882.1,1,36.0,30.0
NA,WP_127017883.1,1,38.0,30.77
NA,WP_164731129.1,1,35.0,25.0
ispE,WP_127017884.1,1,39.0,32.5
NA,WP_127017885.1,1,39.0,34.84
purR,WP_127017886.1,1,39.0,33.71
NA,WP_127017887.1,1,30.0,23.81
NA,WP_205665656.1,1,35.0,26.57
NA,WP_127017888.1,1,37.0,30.69
NA,WP_127017889.1,1,34.0,30.96
NA,WP_127017890.1,1,35.0,26.65
NA,WP_127017891.1,1,39.0,35.68
NA,WP_127017892.1,1,36.0,32.97
NA,WP_127017895.1,1,36.0,30.68
NA,WP_257791999.1,1,33.0,22.43
NA,WP_127017897.1,1,38.0,26.89
NA,WP_127017898.1,1,28.000000000000004,18.75
NA,WP_127017899.1,1,33.0,29.75
NA,WP_127017900.1,1,32.0,26.03
NA,WP_127017903.1,1,28.000000000000004,15.53
NA,WP_127017904.1,1,27.0,20.88
NA,WP_127017905.1,1,28.999999999999996,16.09
NA,WP_164731133.1,1,28.000000000000004,13.64
NA,WP_164731134.1,1,28.999999999999996,17.28
NA,WP_205665658.1,1,38.0,31.8
NA,WP_236777841.1,1,39.0,32.93
NA,WP_127017909.1,1,35.0,30.67
NA,WP_257792031.1,1,39.0,31.11
NA,WP_127017913.1,1,39.0,31.14
NA,WP_127017914.1,1,34.0,31.53
NA,WP_127017915.1,1,39.0,34.71
NA,WP_127017917.1,1,43.0,30.0
NA,WP_127017918.1,1,40.0,23.75
spoVG,WP_127018304.1,1,37.0,30.67
NA,WP_127017919.1,1,33.0,26.02
glmU,WP_127017920.1,1,36.0,25.96
NA,WP_127017921.1,1,42.0,30.49
NA,WP_127017922.1,1,42.0,24.61
pth,WP_127017923.1,1,39.0,30.56
NA,WP_127017924.1,1,36.0,26.88
NA,WP_127017925.1,1,35.0,30.66
NA,WP_127017926.1,1,36.0,23.53
NA,WP_127017927.1,1,35.0,16.07
NA,WP_127017928.1,1,33.0,25.3
NA,WP_164731135.1,1,37.0,28.83
NA,WP_164731136.1,1,36.0,28.57
NA,WP_127017931.1,1,37.0,35.0
mfd,WP_236777842.1,1,38.0,31.21
spoVT,WP_127017933.1,1,39.0,22.03
NA,WP_236777843.1,1,39.0,28.76
mazG,WP_127017934.1,1,38.0,27.01
NA,WP_164731137.1,1,39.0,22.79
NA,WP_127017936.1,1,37.0,25.93
NA,WP_127017937.1,1,39.0,26.4
NA,WP_236777844.1,1,39.0,31.08
NA,WP_127017939.1,1,39.0,32.12
cobO,WP_127017940.1,1,42.0,35.11
NA,WP_127017941.1,1,41.0,32.05
selB,WP_164731138.1,1,38.0,31.08
NA,WP_164731139.1,1,40.0,33.75
NA,WP_127017944.1,1,48.0,40.59
yqeC,WP_127017945.1,1,40.0,33.61
NA,WP_127017946.1,1,41.0,34.57
yqeB,WP_127017947.1,1,45.0,31.18
NA,WP_127017948.1,1,41.0,34.14
NA,WP_127017949.1,1,32.0,20.71
NA,WP_127017950.1,1,35.0,39.62
NA,WP_127017951.1,1,36.0,28.46
arcC,WP_127017952.1,1,40.0,28.85
NA,WP_127017953.1,1,39.0,32.09
ugpC,WP_127017954.1,1,38.0,30.47
NA,WP_127017955.1,1,36.0,26.46
NA,WP_127017956.1,1,38.0,38.46
NA,WP_127017957.1,1,32.0,25.26
NA,WP_127017958.1,1,39.0,28.9
yabP,WP_236777845.1,1,34.0,26.44
NA,WP_127017959.1,1,33.0,26.19
NA,WP_127017960.1,1,33.0,30.85
NA,WP_127017961.1,1,39.0,29.44
NA,WP_164731140.1,1,41.0,33.71
NA,WP_127017963.1,1,37.0,38.89
NA,WP_127017964.1,1,38.0,30.88
spoIIE,WP_127017965.1,1,38.0,32.82
tilS,WP_127017966.1,1,38.0,32.68
hpt,WP_127017967.1,1,37.0,27.27
ftsH,WP_127017968.1,1,42.0,31.39
NA,WP_127017969.1,1,37.0,30.39
hutH,WP_127017970.1,1,44.0,36.62
hutU,WP_127017971.1,1,43.0,30.68
ftcD,WP_127017972.1,1,44.0,33.68
hutI,WP_127017973.1,1,43.0,36.03
NA,WP_127017974.1,1,43.0,35.03
NA,WP_127017975.1,1,42.0,32.79
NA,WP_127017976.1,1,42.0,31.97
NA,WP_127017977.1,1,33.0,30.0
NA,WP_236777846.1,1,35.0,25.26
NA,WP_127017978.1,1,39.0,32.09
NA,WP_127017979.1,1,40.0,31.33
aspA,WP_127017980.1,1,39.0,28.11
NA,WP_127017981.1,1,42.0,35.14
mtrB,WP_127017982.1,1,41.0,29.23
NA,WP_127017983.1,1,38.0,35.19
accD,WP_127017984.1,1,40.0,32.42
NA,WP_127017985.1,1,40.0,31.33
pfkA,WP_127017986.1,1,39.0,24.15
pyk,WP_127017987.1,1,40.0,23.73
NA,WP_127017988.1,1,37.0,24.83
NA,WP_127017989.1,1,37.0,30.0
NA,WP_127017990.1,1,35.0,30.64
NA,WP_127017991.1,1,37.0,33.33
NA,WP_127017992.1,1,38.0,27.08
NA,WP_127017993.1,1,38.0,31.6
NA,WP_127017994.1,1,31.0,20.14
prdC,WP_127017995.1,1,38.0,23.04
prdA,WP_127017996.1,1,36.0,21.0
NA,WP_127017997.1,1,38.0,39.74
prdD,WP_127017999.1,1,35.0,22.04
NA,WP_127018000.1,1,40.0,29.73
NA,WP_127018001.1,1,37.0,23.93
NA,WP_127018002.1,1,38.0,26.74
NA,WP_127018003.1,1,44.0,27.91
NA,WP_164731141.1,1,31.0,22.54
ileS,WP_127018005.1,1,39.0,34.07
NA,WP_081499421.1,1,33.0,25.32
NA,WP_127018006.1,1,39.0,30.48
NA,WP_127018007.1,1,39.0,31.58
NA,WP_127018008.1,1,39.0,38.49
NA,WP_127018009.1,1,39.0,36.43
cobU,WP_127018010.1,1,38.0,31.87
cobS,WP_127018011.1,1,40.0,37.34
cobC,WP_127018012.1,1,38.0,32.64
cobT,WP_127018013.1,1,44.0,30.99
NA,WP_127018014.1,1,30.0,21.38
NA,WP_127018015.1,1,42.0,37.39
NA,WP_127018016.1,1,40.0,35.92
mgtE,WP_127018017.1,1,36.0,28.31
NA,WP_127018018.1,1,38.0,27.48
lysA,WP_127018019.1,1,40.0,29.37
NA,WP_205665661.1,1,37.0,30.23
NA,WP_127018020.1,1,39.0,27.69
NA,WP_127018021.1,1,41.0,33.57
panB,WP_127018022.1,1,43.0,33.33
panC,WP_127018023.1,1,40.0,33.33
NA,WP_127018024.1,1,40.0,29.63
nadA,WP_127018025.1,1,38.0,26.1
nadB,WP_127018026.1,1,43.0,32.02
nadC,WP_241392398.1,1,41.0,30.6
NA,WP_164731142.1,1,28.999999999999996,21.58
NA,WP_127018029.1,1,27.0,21.59
NA,WP_127018030.1,1,26.0,16.92
NA,WP_127018031.1,1,25.0,22.01
NA,WP_127018032.1,1,27.0,21.89
NA,WP_127018034.1,1,33.0,29.87
NA,WP_127018035.1,1,38.0,31.43
NA,WP_127018036.1,1,40.0,25.29
NA,WP_127018037.1,1,42.0,33.88
dusB,WP_127018038.1,1,41.0,30.96
NA,WP_127018039.1,1,33.0,28.49
NA,WP_164731145.1,1,38.0,32.62
NA,WP_127018041.1,1,34.0,26.22
NA,WP_127018042.1,1,39.0,31.79
NA,WP_127018043.1,1,41.0,31.62
greA,WP_127018044.1,1,37.0,26.53
lysS,WP_127018045.1,1,38.0,28.48
NA,WP_127018046.1,1,30.0,20.68
NA,WP_127018047.1,1,28.999999999999996,23.02
NA,WP_164731148.1,1,31.0,23.53
NA,WP_127018049.1,1,39.0,27.33
NA,WP_127018050.1,1,39.0,29.33
NA,WP_236777847.1,1,42.0,41.1
NA,WP_127018052.1,1,39.0,27.71
NA,WP_127018053.1,1,39.0,30.61
NA,WP_127018054.1,1,42.0,30.71
radA,WP_127018055.1,1,41.0,31.53
disA,WP_127018056.1,1,38.0,27.37
NA,WP_205665663.1,1,35.0,29.92
NA,WP_127018057.1,1,35.0,31.82
NA,WP_127018058.1,1,34.0,24.65
ispD,WP_127018059.1,1,40.0,28.25
ispF,WP_127018060.1,1,41.0,29.94
NA,WP_127018061.1,1,45.0,38.06
NA,WP_127018062.1,1,30.0,17.02
NA,WP_127018063.1,1,40.0,28.43
NA,WP_127018064.1,1,31.0,27.19
NA,WP_257792001.1,1,47.0,30.3
NA,WP_127018065.1,1,39.0,35.84
NA,WP_236777848.1,1,36.0,28.3
thyX,WP_127018067.1,1,41.0,35.34
tuf,WP_127018070.1,1,44.0,33.25
NA,WP_127018071.1,1,39.0,29.47
rpmG,WP_127018072.1,1,30.0,30.0
secE,WP_127018073.1,1,33.0,24.14
nusG,WP_127018074.1,1,38.0,29.94
rplK,WP_127018075.1,1,42.0,28.03
rplA,WP_127018076.1,1,39.0,22.03
rplJ,WP_127018077.1,1,37.0,24.54
rplL,WP_127018078.1,1,43.0,26.96
rpoB,WP_127018079.1,1,40.0,28.12
rpoC,WP_127018080.1,1,41.0,29.17
NA,WP_236777849.1,1,38.0,14.86
rpsL,WP_127018082.1,1,42.0,22.61
rpsG,WP_127018083.1,1,42.0,26.53
rpsJ,WP_127018085.1,1,39.0,26.88
rplC,WP_127018086.1,1,38.0,22.61
rplD,WP_127018087.1,1,41.0,33.17
rplW,WP_127018088.1,1,35.0,29.76
rplB,WP_127018089.1,1,42.0,23.97
rpsS,WP_127018090.1,1,39.0,27.06
rplV,WP_127018091.1,1,38.0,23.3
rpsC,WP_127018092.1,1,39.0,25.0
rplP,WP_127018093.1,1,46.0,33.33
rpmC,WP_127018094.1,1,33.0,22.81
rpsQ,WP_127018095.1,1,35.0,19.48
rplN,WP_127018096.1,1,41.0,30.97
rplX,WP_127018311.1,1,38.0,25.26
rplE,WP_127018097.1,1,40.0,32.75
NA,WP_127018098.1,1,49.0,46.15
rpsH,WP_127018099.1,1,40.0,31.71
rplF,WP_127018100.1,1,38.0,23.39
rplR,WP_127018101.1,1,41.0,23.21
rpsE,WP_127018102.1,1,39.0,18.99
rplO,WP_127018103.1,1,44.0,26.67
secY,WP_127018104.1,1,40.0,33.33
NA,WP_127018105.1,1,39.0,24.76
map,WP_127018106.1,1,41.0,23.85
NA,WP_127018107.1,1,39.0,33.71
infA,WP_127018108.1,1,37.0,25.4
rpmJ,WP_127018109.1,1,33.0,17.86
rpsM,WP_127018110.1,1,40.0,23.01
rpsK,WP_236777850.1,1,43.0,25.41
rpsD,WP_127018111.1,1,37.0,26.13
NA,WP_127018112.1,1,40.0,28.52
rplQ,WP_127018113.1,1,41.0,26.47
NA,WP_127018114.1,1,42.0,35.11
NA,WP_127018115.1,1,38.0,32.61
NA,WP_127018116.1,1,35.0,28.74
truA,WP_127018117.1,1,39.0,28.81
rplM,WP_127018118.1,1,37.0,24.44
rpsI,WP_127018119.1,1,42.0,27.05
