codon,amino_acid,Dehalogenimonas,third_nucl,standard_error
ATA,I,0.395,A,0.09645331175261374
ATC,I,-0.413,C,0.07084244152025035
ATT,I,0.246,T,0.0791401434821156
ACA,T,0.737,A,0.11616810106560194
ACC,T,-0.399,C,0.07850594155396834
ACG,T,-0.231,G,0.09957034051071252
ACT,T,0.354,T,0.11010550044596872
AAC,N,-0.184,C,0.09743730990492191
AAT,N,0.184,T,0.09743730990492191
AAA,K,0.506,A,0.07627703527412595
AAG,K,-0.506,G,0.07627703527412595
AGC,S,0.051,C,0.09092231545840826
AGT,S,0.333,T,0.12851192396028369
TCA,S,0.291,A,0.11032489681749143
TCC,S,-0.26,C,0.09138394814006702
TCG,S,-0.321,G,0.09846332062192308
TCT,S,0.205,T,0.11985991545029744
AGA,R,0.961,A,0.12011058403037786
AGG,R,0.103,G,0.10889630715833708
CGA,R,0.477,A,0.1363006888086704
CGC,R,-0.421,C,0.09380159826794406
CGG,R,-0.698,G,0.09851856843596078
CGT,R,0.272,T,0.12475665662897636
CTA,L,0.533,A,0.12679845445311555
CTC,L,-0.368,C,0.0759150151567006
CTG,L,-0.411,G,0.06506405887441542
CTT,L,0.033,T,0.07833759276594816
TTA,L,0.605,A,0.10404414063872519
TTG,L,0.378,G,0.07714966603768589
CCA,P,0.635,A,0.13209656900212607
CCC,P,0.017,C,0.09731630887252418
CCG,P,-0.392,G,0.09502103629634254
CCT,P,0.065,T,0.11806388410533279
CAC,H,-0.258,C,0.14541709911336892
CAT,H,0.258,T,0.14541709911336892
CAA,Q,0.5,A,0.11212631248610068
CAG,Q,-0.5,G,0.11212631248610068
GTA,V,0.432,A,0.09712138286048753
GTC,V,-0.421,C,0.07289803313821812
GTG,V,0.082,G,0.07861517175061399
GTT,V,0.14,T,0.0835419816741465
GCA,A,0.575,A,0.09706646419102435
GCC,A,-0.44,C,0.06745378274402639
GCG,A,-0.098,G,0.08027784400636807
GCT,A,0.367,T,0.08386410761983
GAC,D,-0.128,C,0.08750317785422458
GAT,D,0.128,T,0.08750317785422458
GAA,E,0.679,A,0.0840289041524827
GAG,E,-0.679,G,0.0840289041524827
GGA,G,0.283,A,0.0953088735349272
GGC,G,-0.279,C,0.07602526902746119
GGG,G,0.084,G,0.10429075421457337
GGT,G,0.088,T,0.09236727284848821
TTC,F,-0.35,C,0.10031526535136229
TTT,F,0.35,T,0.10031526535136229
TAC,Y,-0.036,C,0.12031597846927994
TAT,Y,0.036,T,0.12031597846927994
TGC,C,-0.356,C,0.20137935958207545
TGT,C,0.356,T,0.20137935958207542
