codon,amino_acid,Dissulfurispira,third_nucl,standard_error
ATA,I,0.093,A,0.05533940127045258
ATC,I,0.006,C,0.07510132290196082
ATT,I,-0.106,T,0.058003025900695476
ACA,T,0.114,A,0.08358739070631921
ACC,T,0.1,C,0.12082866750519035
ACG,T,-0.148,G,0.17421732472920343
ACT,T,-0.178,T,0.09886871896991402
AAC,N,-0.001,C,0.09538409514037753
AAT,N,0.001,T,0.09538409514037752
AAA,K,0.275,A,0.05838118871008069
AAG,K,-0.275,G,0.05838118871008069
AGC,S,0.031,C,0.10181408680337044
AGT,S,0.383,T,0.10080069190248529
TCA,S,0.017,A,0.08168587886895044
TCC,S,-0.186,C,0.13962936660801137
TCG,S,-0.088,G,0.1629883300976834
TCT,S,-0.25,T,0.09096341562583664
AGA,R,0.376,A,0.08070834545576731
AGG,R,-0.379,G,0.08453060781116697
CGA,R,0.279,A,0.18287941143490424
CGC,R,-0.266,C,0.20896840105043746
CGG,R,-0.071,G,0.23779618393545576
CGT,R,-0.19,T,0.18509096836635464
CTA,L,0.179,A,0.11141356907877448
CTC,L,-0.394,C,0.0863628463429215
CTG,L,-0.227,G,0.09412659143943272
CTT,L,-0.407,T,0.06344211472183103
TTA,L,0.504,A,0.0710292931706267
TTG,L,0.395,G,0.08008747177609697
CCA,P,0.317,A,0.10717526751632407
CCC,P,-0.136,C,0.16136305354302838
CCG,P,0.039,G,0.15268120166689197
CCT,P,-0.265,T,0.10606746451690463
CAC,H,-0.109,C,0.16012026528277462
CAT,H,0.109,T,0.16012026528277462
CAA,Q,0.162,A,0.11247879475697908
CAG,Q,-0.162,G,0.11247879475697908
GTA,V,0.156,A,0.07701519639194895
GTC,V,-0.119,C,0.10547288279400258
GTG,V,0.144,G,0.08860042644802232
GTT,V,-0.195,T,0.07600352393191791
GCA,A,0.037,A,0.07682994244476854
GCC,A,-0.048,C,0.11397337155993052
GCG,A,0.079,G,0.15195970733610292
GCT,A,-0.045,T,0.08734658797783568
GAC,D,0.112,C,0.0847881529502943
GAT,D,-0.112,T,0.0847881529502943
GAA,E,0.466,A,0.07281644461841039
GAG,E,-0.466,G,0.07281644461841039
GGA,G,0.006,A,0.08196793295228318
GGC,G,0.111,C,0.08977726819529266
GGG,G,-0.182,G,0.11496687995315388
GGT,G,-0.004,T,0.08550261108545519
TTC,F,-0.262,C,0.0991758748236271
TTT,F,0.262,T,0.0991758748236271
TAC,Y,0.122,C,0.12007353326235506
TAT,Y,-0.122,T,0.12007353326235506
TGC,C,0.063,C,0.17729301874955658
TGT,C,-0.063,T,0.17729301874955658
