codon,amino_acid,Hafnia,third_nucl,standard_error
ATA,I,0.466,A,0.07639684076302525
ATC,I,-0.251,C,0.053088280776177214
ATT,I,0.015,T,0.05080429447073589
ACA,T,0.482,A,0.06903809654058173
ACC,T,-0.312,C,0.058898399139449886
ACG,T,-0.421,G,0.06444546979226717
ACT,T,0.352,T,0.06381076234229967
AAC,N,-0.292,C,0.06360437837582253
AAT,N,0.292,T,0.06360437837582253
AAA,K,0.133,A,0.06033651557197894
AAG,K,-0.133,G,0.06033651557197894
AGC,S,-0.355,C,0.057091693916866824
AGT,S,0.243,T,0.06802470354377288
TCA,S,0.152,A,0.06538604399979532
TCC,S,0.05,C,0.07975266526324791
TCG,S,-0.205,G,0.08141223281860059
TCT,S,0.174,T,0.06352381101501715
AGA,R,0.937,A,0.10301919420401542
AGG,R,0.49,G,0.15170309402537038
CGA,R,0.264,A,0.09094996145764546
CGC,R,-0.328,C,0.061538756283103804
CGG,R,0.073,G,0.11519859863665023
CGT,R,-0.241,T,0.05978692628222377
CTA,L,-0.077,A,0.06325675611617007
CTC,L,0.048,C,0.06442903884974462
CTG,L,-0.463,G,0.045096296321839334
CTT,L,0.208,T,0.059927723034646684
TTA,L,0.498,A,0.04964342083134062
TTG,L,-0.074,G,0.05259816355511807
CCA,P,-0.016,A,0.07197124752569047
CCC,P,0.196,C,0.09034331744651239
CCG,P,-0.193,G,0.07546473673799463
CCT,P,0.077,T,0.07618049069071327
CAC,H,-0.059,C,0.08931569714781613
CAT,H,0.059,T,0.08931569714781613
CAA,Q,0.532,A,0.06303281578180535
CAG,Q,-0.532,G,0.06303281578180535
GTA,V,0.277,A,0.06360379978932501
GTC,V,-0.016,C,0.06693708431049872
GTG,V,-0.179,G,0.05639807886018299
GTT,V,-0.026,T,0.05528849521390687
GCA,A,0.389,A,0.05314032956152932
GCC,A,-0.105,C,0.055055919650098144
GCG,A,-0.488,G,0.056191664053642676
GCT,A,0.163,T,0.053459857712051646
GAC,D,0.017,C,0.06655878511429161
GAT,D,-0.017,T,0.06655878511429161
GAA,E,0.44,A,0.06469714792405606
GAG,E,-0.44,G,0.06469714792405606
GGA,G,0.574,A,0.07759677271943496
GGC,G,-0.146,C,0.06243780643310063
GGG,G,-0.204,G,0.0849716817271183
GGT,G,-0.102,T,0.06311450548827736
TTC,F,-0.408,C,0.07019488204240465
TTT,F,0.408,T,0.07019488204240465
TAC,Y,0.192,C,0.08432926914948882
TAT,Y,-0.192,T,0.08432926914948882
TGC,C,-0.118,C,0.13083228690889032
TGT,C,0.118,T,0.13083228690889032
