codon,amino_acid,Kovacikia,third_nucl,standard_error
ATA,I,0.543,A,0.08511692852207983
ATC,I,-0.167,C,0.04202750078635047
ATT,I,0.027,T,0.04079845640045831
ACA,T,0.255,A,0.04959793870668352
ACC,T,-0.337,C,0.0413576594727845
ACG,T,-0.244,G,0.05040384932004959
ACT,T,0.424,T,0.048033129356951657
AAC,N,0.059,C,0.05078694144971148
AAT,N,-0.059,T,0.05078694144971148
AAA,K,0.257,A,0.048126486911166166
AAG,K,-0.257,G,0.048126486911166166
AGC,S,-0.347,C,0.04907679381513177
AGT,S,-0.198,T,0.04865728588193514
TCA,S,0.305,A,0.05310913478492689
TCC,S,-0.035,C,0.04715931262958343
TCG,S,0.009,G,0.05873187531066228
TCT,S,0.274,T,0.04666578464057741
AGA,R,0.606,A,0.06685606602431349
AGG,R,0.277,G,0.08311436701957925
CGA,R,0.214,A,0.054153543263177714
CGC,R,-0.236,C,0.04788600555653712
CGG,R,-0.481,G,0.05344208495859188
CGT,R,0.073,T,0.054825697576580665
CTA,L,0.095,A,0.052434962769391226
CTC,L,0.223,C,0.04335589049772725
CTG,L,-0.497,G,0.034416550883556045
CTT,L,0.417,T,0.04308335190397883
TTA,L,0.079,A,0.0424944094233011
TTG,L,-0.001,G,0.03597909752151653
CCA,P,0.096,A,0.049724223511482216
CCC,P,-0.3,C,0.044673376111136795
CCG,P,-0.191,G,0.05908361756556299
CCT,P,0.399,T,0.04935063523738503
CAC,H,0.101,C,0.06997992867271959
CAT,H,-0.101,T,0.06997992867271959
CAA,Q,0.434,A,0.04289852184278387
CAG,Q,-0.434,G,0.042898521842783865
GTA,V,0.102,A,0.05605006471934218
GTC,V,-0.29,C,0.048551226774973
GTG,V,0.011,G,0.04230360206669512
GTT,V,0.142,T,0.04068651229532815
GCA,A,0.061,A,0.03929009340181779
GCC,A,-0.361,C,0.04270207010571761
GCG,A,-0.277,G,0.0475483071611192
GCT,A,0.499,T,0.041542888923200044
GAC,D,0.127,C,0.05095612836381984
GAT,D,-0.127,T,0.05095612836381984
GAA,E,0.286,A,0.045281360904482676
GAG,E,-0.286,G,0.045281360904482676
GGA,G,0.074,A,0.048906695077749064
GGC,G,-0.194,C,0.05362776517224079
GGG,G,-0.221,G,0.0533574593443955
GGT,G,0.29,T,0.049440452934069144
TTC,F,0.236,C,0.05453033537418048
TTT,F,-0.236,T,0.05453033537418048
TAC,Y,0.019,C,0.0619268218363246
TAT,Y,-0.019,T,0.0619268218363246
TGC,C,-0.301,C,0.10572544263510934
TGT,C,0.301,T,0.10572544263510934
