codon,amino_acid,Propioniciclava,third_nucl,standard_error
ATA,I,0.675,A,0.5490178281676338
ATC,I,-1.371,C,0.24785203354793242
ATT,I,1.508,T,0.27936059942751723
ACA,T,1.612,A,0.2347470326885816
ACC,T,-0.144,C,0.05829294035288799
ACG,T,-0.211,G,0.06028566023924236
ACT,T,1.815,T,0.2504906065224087
AAC,N,-1.567,C,0.30124816434674023
AAT,N,1.567,T,0.30124816434674023
AAA,K,1.308,A,0.2712500033656108
AAG,K,-1.308,G,0.2712500033656108
AGC,S,0.518,C,0.07114274200340841
AGT,S,1.475,T,0.23461809704975287
TCA,S,1.052,A,0.23338623167890424
TCC,S,-0.14,C,0.06902788458453198
TCG,S,-0.725,G,0.06905415628349044
TCT,S,0.86,T,0.2607298748909163
AGA,R,1.653,A,0.4121674898843395
AGG,R,1.442,G,0.17170474046543135
CGA,R,1.193,A,0.12571765551531708
CGC,R,-0.252,C,0.05319924286106224
CGG,R,-0.509,G,0.05907943433500899
CGT,R,0.615,T,0.10164570671893262
CTA,L,0.46,A,0.2874985940846436
CTC,L,0.229,C,0.049363112775806066
CTG,L,-0.545,G,0.047792986843225985
CTT,L,1.377,T,0.18625783740154678
TTA,L,0.134,A,1.4144079620010912
TTG,L,1.101,G,0.11799084493669522
CCA,P,1.161,A,0.1753580209687523
CCC,P,0.199,C,0.05859698826013185
CCG,P,-0.546,G,0.058778833302343236
CCT,P,1.353,T,0.18834633219281727
CAC,H,-1.086,C,0.16744302425023566
CAT,H,1.086,T,0.16744302425023566
CAA,Q,0.783,A,0.16533028377179526
CAG,Q,-0.783,G,0.16533028377179526
GTA,V,1.474,A,0.34974058142840675
GTC,V,-0.569,C,0.048569680322207556
GTG,V,0.433,G,0.04823365691092694
GTT,V,0.942,T,0.16598537908541594
GCA,A,1.589,A,0.10952174780445956
GCC,A,-0.162,C,0.041303318400326014
GCG,A,-0.318,G,0.04256240441716679
GCT,A,1.214,T,0.11884762885031559
GAC,D,-1.175,C,0.10173891503595141
GAT,D,1.175,T,0.10173891503595141
GAA,E,1.137,A,0.09601408126218317
GAG,E,-1.137,G,0.09601408126218315
GGA,G,1.253,A,0.10429409177880346
GGC,G,-0.584,C,0.05547828396371346
GGG,G,0.008,G,0.06294958893895694
GGT,G,0.695,T,0.10566390499083585
TTC,F,-1.256,C,0.41542111741352294
TTT,F,1.256,T,0.415421117413523
TAC,Y,-1.326,C,0.2916953402858964
TAT,Y,1.326,T,0.29169534028589633
TGC,C,-1.122,C,0.4133609958496605
TGT,C,1.122,T,0.4133609958496605
