codon,amino_acid,Rhizorhabdus,third_nucl,standard_error
ATA,I,0.862,A,0.12090994844120408
ATC,I,-1.008,C,0.07936442003401739
ATT,I,1.0,T,0.10028211484961716
ACA,T,0.934,A,0.12691416081820975
ACC,T,-0.266,C,0.04895387421087738
ACG,T,-0.082,G,0.05108403177940616
ACT,T,1.27,T,0.153456899676703
AAC,N,-0.369,C,0.0838536372866835
AAT,N,0.369,T,0.0838536372866835
AAA,K,1.057,A,0.09127467372062965
AAG,K,-1.057,G,0.09127467372062965
AGC,S,-0.025,C,0.050354992391700874
AGT,S,0.741,T,0.15142404615231425
TCA,S,0.556,A,0.14452990343579095
TCC,S,0.644,C,0.061340983646949045
TCG,S,-0.717,G,0.05041719969368982
TCT,S,1.274,T,0.18626051051881018
AGA,R,2.142,A,0.21747976359914142
AGG,R,1.01,G,0.09626873533075352
CGA,R,0.966,A,0.09981453135117276
CGC,R,-0.532,C,0.04103348869440854
CGG,R,-0.354,G,0.046759518115510296
CGT,R,0.909,T,0.07838045136973344
CTA,L,0.502,A,0.16496130318932964
CTC,L,-0.207,C,0.03861847811812416
CTG,L,-0.485,G,0.037030244460865724
CTT,L,1.238,T,0.08145288486259644
TTA,L,0.857,A,0.2614692040680032
TTG,L,1.1,G,0.07377817986930815
CCA,P,0.812,A,0.12503094757694494
CCC,P,0.319,C,0.0496880742776171
CCG,P,-0.613,G,0.04871362068809047
CCT,P,0.797,T,0.10727959115372164
CAC,H,-0.087,C,0.0806430971353094
CAT,H,0.087,T,0.0806430971353094
CAA,Q,0.716,A,0.09770386288101629
CAG,Q,-0.716,G,0.09770386288101629
GTA,V,0.979,A,0.14490512091916508
GTC,V,-0.582,C,0.04477308122710235
GTG,V,0.233,G,0.046087385713342574
GTT,V,1.076,T,0.09564405746709459
GCA,A,1.129,A,0.07433849362937635
GCC,A,-0.027,C,0.03242048815014204
GCG,A,-0.439,G,0.032806929974207866
GCT,A,1.068,T,0.07785158403315527
GAC,D,-0.494,C,0.05083047647148747
GAT,D,0.494,T,0.05083047647148747
GAA,E,1.025,A,0.05598626924596187
GAG,E,-1.025,G,0.05598626924596187
GGA,G,0.992,A,0.07909102349027623
GGC,G,-0.811,C,0.04533293333709497
GGG,G,0.253,G,0.05533271453099898
GGT,G,0.934,T,0.07909034068501199
TTC,F,-1.172,C,0.10805532396419472
TTT,F,1.172,T,0.10805532396419473
TAC,Y,0.023,C,0.08829607636798752
TAT,Y,-0.023,T,0.08829607636798752
TGC,C,-1.077,C,0.2061764731128045
TGT,C,1.077,T,0.20617647311280451
