codon,amino_acid,Winogradskyella,third_nucl,standard_error
ATA,I,0.722,A,0.049255436714040056
ATC,I,0.022,C,0.061131875521462174
ATT,I,-0.651,T,0.04558793907227067
ACA,T,0.643,A,0.059737510608756796
ACC,T,-0.208,C,0.06916032931966863
ACG,T,-0.585,G,0.08929126335318509
ACT,T,-0.285,T,0.06615920156762646
AAC,N,0.409,C,0.05875762173276918
AAT,N,-0.409,T,0.05875762173276919
AAA,K,0.458,A,0.056433207426512685
AAG,K,-0.458,G,0.056433207426512685
AGC,S,0.292,C,0.08826693678409445
AGT,S,-0.21,T,0.06575414182553861
TCA,S,0.685,A,0.06483625284074923
TCC,S,-0.038,C,0.09432952667443467
TCG,S,-0.485,G,0.10914291310330172
TCT,S,-0.502,T,0.06940851376273438
AGA,R,0.693,A,0.07873062608567485
AGG,R,-0.433,G,0.1586235105606813
CGA,R,0.117,A,0.11112473169364133
CGC,R,-0.422,C,0.13602594419908293
CGG,R,-0.49,G,0.22830475340662343
CGT,R,-0.687,T,0.10087863683760223
CTA,L,0.655,A,0.06688467976162947
CTC,L,0.34,C,0.09246435520237752
CTG,L,-0.338,G,0.10165504707518555
CTT,L,0.038,T,0.058814088250233446
TTA,L,0.113,A,0.04282402071746852
TTG,L,-0.77,G,0.057337831757657096
CCA,P,0.289,A,0.08512193739478227
CCC,P,0.344,C,0.13789633484225702
CCG,P,-0.176,G,0.15204804633718602
CCT,P,-0.42,T,0.09264816071103853
CAC,H,0.441,C,0.11004817578553862
CAT,H,-0.441,T,0.11004817578553862
CAA,Q,0.132,A,0.09892524632415123
CAG,Q,-0.132,G,0.09892524632415124
GTA,V,0.441,A,0.06249912894196251
GTC,V,0.058,C,0.0922549201131317
GTG,V,-0.366,G,0.08530953723427359
GTT,V,-0.26,T,0.06221902942774688
GCA,A,0.651,A,0.06367596460909605
GCC,A,-0.218,C,0.0816314626982872
GCG,A,-0.392,G,0.10296798205247547
GCT,A,-0.416,T,0.06931992116393236
GAC,D,0.564,C,0.07284076140306561
GAT,D,-0.564,T,0.07284076140306561
GAA,E,0.458,A,0.08395132729340699
GAG,E,-0.458,G,0.08395132729340699
GGA,G,0.544,A,0.07247871227245739
GGC,G,-0.148,C,0.0907424518190726
GGG,G,-0.123,G,0.1466832340423617
GGT,G,-0.437,T,0.07598534884262534
TTC,F,0.349,C,0.07228940447175121
TTT,F,-0.349,T,0.07228940447175121
TAC,Y,0.47,C,0.0790245156621584
TAT,Y,-0.47,T,0.07902451566215839
TGC,C,0.305,C,0.17041833602843035
TGT,C,-0.305,T,0.17041833602843035
